# element	name	version
bluefin-alsa-utils.bst	alsa-utils	
bluefin-bindmounts.bst	bindmounts	
bluefin-bootc-install-config.bst	bootc-install-config	
bluefin-brew-tarball.bst	brew-tarball	
bluefin-brew.bst	brew	
bluefin-brlaser.bst	brlaser	
bluefin-common.bst	common	
bluefin-composefs-loop-udisks-ignore.bst	composefs-loop-udisks-ignore	
bluefin-deps.bst	deps	
bluefin-distrobox.bst	distrobox	
bluefin-efibootmgr.bst	efibootmgr	
bluefin-fastfetch.bst	fastfetch	
bluefin-firstboot-date.bst	firstboot-date	
bluefin-firstboot-services.bst	firstboot-services	
bluefin-flatpak-apps.bst	flatpak-apps	
bluefin-fprintd-fingerprint-auth.bst	fprintd-fingerprint-auth	
bluefin-fprintd-system-auth.bst	fprintd-system-auth	
bluefin-ghostty.bst	ghostty	
bluefin-gnome-epub-thumbnailer.bst	gnome-epub-thumbnailer	
bluefin-gnome-ponytail-daemon.bst	gnome-ponytail-daemon	
bluefin-gnome-shell-extensions.bst	gnome-shell-extensions	
bluefin-gtk4-layer-shell.bst	gtk4-layer-shell	
bluefin-gum.bst	gum	
bluefin-just-overrides.bst	just-overrides	
bluefin-libvirt.bst	libvirt	
bluefin-migrate-var-home-passwd.bst	migrate-var-home-passwd	
bluefin-nautilus-python.bst	nautilus-python	
bluefin-nerd-fonts-symbols.bst	nerd-fonts-symbols	
bluefin-network.bst	network	
bluefin-plymouth-bluefin-theme.bst	plymouth-bluefin-theme	
bluefin-shell-extensions-app-indicators.bst	app-indicators	
bluefin-shell-extensions-bazaar-companion.bst	bazaar-companion	
bluefin-shell-extensions-blur-my-shell.bst	blur-my-shell	
bluefin-shell-extensions-budslink-companion.bst	budslink-companion	
bluefin-shell-extensions-caffeine.bst	caffeine	
bluefin-shell-extensions-custom-command-menu.bst	custom-command-menu	
bluefin-shell-extensions-dash-to-dock.bst	dash-to-dock	
bluefin-shell-extensions-disable-ext-validator.bst	disable-ext-validator	
bluefin-shell-extensions-fuzzy-application-search.bst	fuzzy-application-search	
bluefin-shell-extensions-gradia-capture.bst	gradia-capture	
bluefin-shell-extensions-gsconnect.bst	gsconnect	
bluefin-shell-extensions-power-status-color.bst	power-status-color	
bluefin-shell-extensions-quick-settings-audio-panel.bst	quick-settings-audio-panel	
bluefin-shell-extensions-quicksettings-audio-devices-hider.bst	quicksettings-audio-devices-hider	
bluefin-shell-extensions-quicksettings-audio-devices-renamer.bst	quicksettings-audio-devices-renamer	
bluefin-shell-extensions-syncthing-toggle.bst	syncthing-toggle	
bluefin-shell-extensions-tailscale-qs.bst	tailscale-qs	
bluefin-shell-extensions-tilingshell.bst	tilingshell	
bluefin-sudo-rs.bst	sudo-rs	
bluefin-swapfile.bst	swapfile	
bluefin-syncthing.bst	syncthing	
bluefin-tailscale-setup.bst	tailscale-setup	
bluefin-tailscale.bst	tailscale	
bluefin-tealdeer.bst	tealdeer	
bluefin-udev-groups.bst	udev-groups	
bluefin-umotd.bst	umotd	
bluefin-unsigned-modules.bst	unsigned-modules	
bluefin-user-avatars.bst	user-avatars	
bluefin-uupd.bst	uupd	
bluefin-uutils-coreutils.bst	uutils-coreutils	
bluefin-uwelcome.bst	uwelcome	
bluefin-virtualization.bst	virtualization	
bluefin-vte.bst	vte	
bluefin-wallpaper-month.bst	wallpaper-month	
bluefin-wallpapers.bst	wallpapers	
bluefin-wireplumber-pcsp.bst	wireplumber-pcsp	
bluefin-xdg-terminal-exec.bst	xdg-terminal-exec	
bluefin-ydotool.bst	ydotool	
bluefin-zig.bst	zig	
bluefin-zswap-config.bst	zswap-config	
core-linux-fdsdk.bst	linux-fdsdk	
core-meta-gnome-core-apps.bst	meta-gnome-core-apps	
core-ntsync-modules-load.bst	ntsync-modules-load	
core-sandbox-tools.bst	sandbox-tools	
core-syncthing-go.bst	syncthing-go	
freedesktop-sdk.bst-bootstrap-acl.bst	acl	
freedesktop-sdk.bst-bootstrap-attr.bst	attr	
freedesktop-sdk.bst-bootstrap-base-sdk-autoconf.bst	autoconf	
freedesktop-sdk.bst-bootstrap-base-sdk-autoconf2.69.bst	autoconf2.69	
freedesktop-sdk.bst-bootstrap-base-sdk-automake.bst	automake	
freedesktop-sdk.bst-bootstrap-base-sdk-binary-seed-x86-64.bst	binary-seed-x86_64	
freedesktop-sdk.bst-bootstrap-base-sdk-binary-seed.bst	binary-seed	
freedesktop-sdk.bst-bootstrap-base-sdk-bison.bst	bison	
freedesktop-sdk.bst-bootstrap-base-sdk-flex.bst	flex	
freedesktop-sdk.bst-bootstrap-base-sdk-gettext.bst	gettext	
freedesktop-sdk.bst-bootstrap-base-sdk-libtool.bst	libtool	
freedesktop-sdk.bst-bootstrap-base-sdk-m4.bst	m4	
freedesktop-sdk.bst-bootstrap-base-sdk-perl.bst	perl	
freedesktop-sdk.bst-bootstrap-base-sdk-pkg-config.bst	pkg-config	
freedesktop-sdk.bst-bootstrap-base-sdk-tar.bst	tar	
freedesktop-sdk.bst-bootstrap-base-sdk-texinfo.bst	texinfo	
freedesktop-sdk.bst-bootstrap-base-sdk-xxhash.bst	xxhash	
freedesktop-sdk.bst-bootstrap-base-sdk-zstd.bst	zstd	
freedesktop-sdk.bst-bootstrap-bash.bst	bash	
freedesktop-sdk.bst-bootstrap-binutils.bst	binutils	
freedesktop-sdk.bst-bootstrap-build-binutils-stage1.bst	binutils-stage1	
freedesktop-sdk.bst-bootstrap-build-coreutils-manpages.bst	coreutils-manpages	
freedesktop-sdk.bst-bootstrap-build-debug-utils.bst	debug-utils	
freedesktop-sdk.bst-bootstrap-build-debugedit-build.bst	debugedit-build	
freedesktop-sdk.bst-bootstrap-build-dwz-build.bst	dwz-build	
freedesktop-sdk.bst-bootstrap-build-elfutils-build.bst	elfutils-build	
freedesktop-sdk.bst-bootstrap-build-file-stage1.bst	file-stage1	
freedesktop-sdk.bst-bootstrap-build-gcc-stage1.bst	gcc-stage1	
freedesktop-sdk.bst-bootstrap-build-gcc-stage2.bst	gcc-stage2	
freedesktop-sdk.bst-bootstrap-build-libgcc-s.bst	libgcc_s	
freedesktop-sdk.bst-bootstrap-build-ncurses-stage1.bst	ncurses-stage1	
freedesktop-sdk.bst-bootstrap-build-python3.bst	python3	
freedesktop-sdk.bst-bootstrap-build-rsync.bst	rsync	
freedesktop-sdk.bst-bootstrap-build-stripper.bst	stripper	
freedesktop-sdk.bst-bootstrap-bzip2.bst	bzip2	
freedesktop-sdk.bst-bootstrap-coreutils.bst	coreutils	
freedesktop-sdk.bst-bootstrap-debugedit.bst	debugedit	
freedesktop-sdk.bst-bootstrap-diffutils.bst	diffutils	
freedesktop-sdk.bst-bootstrap-dwz.bst	dwz	
freedesktop-sdk.bst-bootstrap-elfutils.bst	elfutils	
freedesktop-sdk.bst-bootstrap-file.bst	file	
freedesktop-sdk.bst-bootstrap-findutils.bst	findutils	
freedesktop-sdk.bst-bootstrap-gawk.bst	gawk	
freedesktop-sdk.bst-bootstrap-gcc.bst	gcc	
freedesktop-sdk.bst-bootstrap-glibc.bst	glibc	
freedesktop-sdk.bst-bootstrap-gnu-config.bst	gnu-config	
freedesktop-sdk.bst-bootstrap-go.bst	go	
freedesktop-sdk.bst-bootstrap-grep.bst	grep	
freedesktop-sdk.bst-bootstrap-gzip.bst	gzip	
freedesktop-sdk.bst-bootstrap-libselinux.bst	libselinux	
freedesktop-sdk.bst-bootstrap-libsepol.bst	libsepol	
freedesktop-sdk.bst-bootstrap-libxcrypt.bst	libxcrypt	
freedesktop-sdk.bst-bootstrap-linux-headers.bst	linux-headers	
freedesktop-sdk.bst-bootstrap-make.bst	make	
freedesktop-sdk.bst-bootstrap-ncurses-pkgconfig-dir.bst	ncurses-pkgconfig-dir	
freedesktop-sdk.bst-bootstrap-ncurses.bst	ncurses	
freedesktop-sdk.bst-bootstrap-pcre2.bst	pcre2	
freedesktop-sdk.bst-bootstrap-readline.bst	readline	
freedesktop-sdk.bst-bootstrap-sed.bst	sed	
freedesktop-sdk.bst-bootstrap-stripper.bst	stripper	
freedesktop-sdk.bst-bootstrap-symlinks.bst	symlinks	
freedesktop-sdk.bst-bootstrap-xxhash.bst	xxhash	
freedesktop-sdk.bst-bootstrap-xz.bst	xz	
freedesktop-sdk.bst-bootstrap-zlib-ng.bst	zlib-ng	
freedesktop-sdk.bst-bootstrap-zstd.bst	zstd	
freedesktop-sdk.bst-components--private-apparmor-base.bst	apparmor-base	
freedesktop-sdk.bst-components--private-avahi-base.bst	avahi-base	
freedesktop-sdk.bst-components--private-bluez-base.bst	bluez-base	
freedesktop-sdk.bst-components--private-bpf.bst	bpf	
freedesktop-sdk.bst-components--private-buildsystem-cmake.bst	buildsystem-cmake	
freedesktop-sdk.bst-components--private-cmake-stage1.bst	cmake-stage1	
freedesktop-sdk.bst-components--private-cryptsetup-base.bst	cryptsetup-base	
freedesktop-sdk.bst-components--private-cryptsetup-lvm2-stage1.bst	cryptsetup-lvm2-stage1	
freedesktop-sdk.bst-components--private-cups-base.bst	cups-base	
freedesktop-sdk.bst-components--private-dbus-base.bst	dbus-base	
freedesktop-sdk.bst-components--private-flex-base.bst	flex-base	
freedesktop-sdk.bst-components--private-freetype-stage1.bst	freetype-stage1	
freedesktop-sdk.bst-components--private-gamemode-base.bst	gamemode-base	
freedesktop-sdk.bst-components--private-gcc-base.bst	gcc-base	
freedesktop-sdk.bst-components--private-geoclue-base.bst	geoclue-base	
freedesktop-sdk.bst-components--private-git-minimal.bst	git-minimal	
freedesktop-sdk.bst-components--private-gnu-efi.bst	gnu-efi	
freedesktop-sdk.bst-components--private-libsmbios.bst	libsmbios	
freedesktop-sdk.bst-components--private-lvm2-base.bst	lvm2-base	
freedesktop-sdk.bst-components--private-lvm2-stage1.bst	lvm2-stage1	
freedesktop-sdk.bst-components--private-meson.bst	meson	
freedesktop-sdk.bst-components--private-pipewire-base.bst	pipewire-base	
freedesktop-sdk.bst-components--private-polkit-base.bst	polkit-base	
freedesktop-sdk.bst-components--private-python3-build-bootstrap.bst	python3-build-bootstrap	
freedesktop-sdk.bst-components--private-python3-build.bst	python3-build	
freedesktop-sdk.bst-components--private-python3-flit-core.bst	python3-flit-core	
freedesktop-sdk.bst-components--private-python3-installer-bootstrap.bst	python3-installer-bootstrap	
freedesktop-sdk.bst-components--private-python3-installer.bst	python3-installer	
freedesktop-sdk.bst-components--private-python3-minimal.bst	python3-minimal	
freedesktop-sdk.bst-components--private-python3-packaging.bst	python3-packaging	
freedesktop-sdk.bst-components--private-python3-pyproject-hooks.bst	python3-pyproject-hooks	
freedesktop-sdk.bst-components--private-python3-setuptools.bst	python3-setuptools	
freedesktop-sdk.bst-components--private-python3-wheel.bst	python3-wheel	
freedesktop-sdk.bst-components--private-rust-stage1-x86-64.bst	rust-stage1-x86_64	
freedesktop-sdk.bst-components--private-rust-stage1.bst	rust-stage1	
freedesktop-sdk.bst-components--private-systemd-hwdb.bst	systemd-hwdb	
freedesktop-sdk.bst-components--private-systemd-stage1.bst	systemd-stage1	
freedesktop-sdk.bst-components--private-util-linux-base.bst	util-linux-base	
freedesktop-sdk.bst-components--private-vala-bootstrap.bst	vala-bootstrap	
freedesktop-sdk.bst-components--private-valgrind.bst	valgrind	
freedesktop-sdk.bst-components-aardvark-dns.bst	aardvark-dns	
freedesktop-sdk.bst-components-abseil-cpp.bst	abseil-cpp	
freedesktop-sdk.bst-components-alsa-lib.bst	alsa-lib	
freedesktop-sdk.bst-components-alsa-plugins.bst	alsa-plugins	
freedesktop-sdk.bst-components-amf-headers.bst	amf-headers	
freedesktop-sdk.bst-components-aom.bst	aom	
freedesktop-sdk.bst-components-apparmor-manifest.bst	apparmor-manifest	
freedesktop-sdk.bst-components-apparmor.bst	apparmor	
freedesktop-sdk.bst-components-appstream-minimal.bst	appstream-minimal	
freedesktop-sdk.bst-components-appstream.bst	appstream	
freedesktop-sdk.bst-components-asciidoc.bst	asciidoc	
freedesktop-sdk.bst-components-asciidoctor.bst	asciidoctor	
freedesktop-sdk.bst-components-aspell.bst	aspell	
freedesktop-sdk.bst-components-audit.bst	audit	
freedesktop-sdk.bst-components-autoconf-archive.bst	autoconf-archive	
freedesktop-sdk.bst-components-autoconf.bst	autoconf	
freedesktop-sdk.bst-components-autoconf2.69.bst	autoconf2.69	
freedesktop-sdk.bst-components-automake.bst	automake	
freedesktop-sdk.bst-components-avahi-gobject.bst	avahi-gobject	
freedesktop-sdk.bst-components-avahi-libs.bst	avahi-libs	
freedesktop-sdk.bst-components-avahi-manifest.bst	avahi-manifest	
freedesktop-sdk.bst-components-avahi.bst	avahi	
freedesktop-sdk.bst-components-bash-completion.bst	bash-completion	
freedesktop-sdk.bst-components-bash-config.bst	bash-config	
freedesktop-sdk.bst-components-bc.bst	bc	
freedesktop-sdk.bst-components-binutils.bst	binutils	
freedesktop-sdk.bst-components-bison.bst	bison	
freedesktop-sdk.bst-components-bluez-headers.bst	bluez-headers	
freedesktop-sdk.bst-components-bluez-libs.bst	bluez-libs	
freedesktop-sdk.bst-components-bluez-manifest.bst	bluez-manifest	
freedesktop-sdk.bst-components-bluez.bst	bluez	
freedesktop-sdk.bst-components-bpf-maybe.bst	bpf-maybe	
freedesktop-sdk.bst-components-brotli.bst	brotli	
freedesktop-sdk.bst-components-btrfs-progs.bst	btrfs-progs	
freedesktop-sdk.bst-components-bubblewrap.bst	bubblewrap	
freedesktop-sdk.bst-components-buildbox.bst	buildbox	
freedesktop-sdk.bst-components-buildstream2.bst	buildstream2	
freedesktop-sdk.bst-components-bzip2.bst	bzip2	
freedesktop-sdk.bst-components-c-ares.bst	c-ares	
freedesktop-sdk.bst-components-ca-certificates.bst	ca-certificates	
freedesktop-sdk.bst-components-cargo-c.bst	cargo-c	
freedesktop-sdk.bst-components-catatonit.bst	catatonit	
freedesktop-sdk.bst-components-ccid.bst	ccid	
freedesktop-sdk.bst-components-clean-xml-catalog.bst	clean-xml-catalog	
freedesktop-sdk.bst-components-cmake.bst	cmake	
freedesktop-sdk.bst-components-compat-vulkan-link.bst	compat-vulkan-link	
freedesktop-sdk.bst-components-composefs.bst	composefs	
freedesktop-sdk.bst-components-conmon.bst	conmon	
freedesktop-sdk.bst-components-containers-common.bst	containers-common	
freedesktop-sdk.bst-components-cpio.bst	cpio	
freedesktop-sdk.bst-components-cracklib.bst	cracklib	
freedesktop-sdk.bst-components-crun.bst	crun	
freedesktop-sdk.bst-components-cryptsetup-manifest.bst	cryptsetup-manifest	
freedesktop-sdk.bst-components-cryptsetup.bst	cryptsetup	
freedesktop-sdk.bst-components-cunit.bst	cunit	
freedesktop-sdk.bst-components-cups-daemon-only.bst	cups-daemon-only	
freedesktop-sdk.bst-components-cups-daemon.bst	cups-daemon	
freedesktop-sdk.bst-components-cups-filters.bst	cups-filters	
freedesktop-sdk.bst-components-cups-manifest.bst	cups-manifest	
freedesktop-sdk.bst-components-cups.bst	cups	
freedesktop-sdk.bst-components-curl.bst	curl	
freedesktop-sdk.bst-components-cyrus-sasl.bst	cyrus-sasl	
freedesktop-sdk.bst-components-cython.bst	cython	
freedesktop-sdk.bst-components-dav1d.bst	dav1d	
freedesktop-sdk.bst-components-dbus-manifest.bst	dbus-manifest	
freedesktop-sdk.bst-components-dbus-tools.bst	dbus-tools	
freedesktop-sdk.bst-components-dbus.bst	dbus	
freedesktop-sdk.bst-components-debuginfod.bst	debuginfod	
freedesktop-sdk.bst-components-dejavu-fonts.bst	dejavu-fonts	
freedesktop-sdk.bst-components-desktop-file-utils.bst	desktop-file-utils	
freedesktop-sdk.bst-components-dictionaries.bst	dictionaries	
freedesktop-sdk.bst-components-diffutils.bst	diffutils	
freedesktop-sdk.bst-components-dmidecode.bst	dmidecode	
freedesktop-sdk.bst-components-docbook-xml.bst	docbook-xml	
freedesktop-sdk.bst-components-docbook-xsl.bst	docbook-xsl	
freedesktop-sdk.bst-components-docbook5-xml.bst	docbook5-xml	
freedesktop-sdk.bst-components-docbook5-xsl.bst	docbook5-xsl	
freedesktop-sdk.bst-components-dosfstools.bst	dosfstools	
freedesktop-sdk.bst-components-doxygen.bst	doxygen	
freedesktop-sdk.bst-components-dtc.bst	dtc	
freedesktop-sdk.bst-components-duktape.bst	duktape	
freedesktop-sdk.bst-components-dummy-gbm.bst	dummy-gbm	
freedesktop-sdk.bst-components-e2fsprogs.bst	e2fsprogs	
freedesktop-sdk.bst-components-ed.bst	ed	
freedesktop-sdk.bst-components-efivar.bst	efivar	
freedesktop-sdk.bst-components-elfutils.bst	elfutils	
freedesktop-sdk.bst-components-ell.bst	ell	
freedesktop-sdk.bst-components-erofs-utils.bst	erofs-utils	
freedesktop-sdk.bst-components-exfat-progs.bst	exfat-progs	
freedesktop-sdk.bst-components-expat.bst	expat	
freedesktop-sdk.bst-components-extra-cmake-modules.bst	extra-cmake-modules	
freedesktop-sdk.bst-components-f2fs-tools.bst	f2fs-tools	
freedesktop-sdk.bst-components-fakecap.bst	fakecap	
freedesktop-sdk.bst-components-fdsdk-lic-dedup.bst	fdsdk-lic-dedup	
freedesktop-sdk.bst-components-ffmpeg.bst	ffmpeg	
freedesktop-sdk.bst-components-fftw.bst	fftw	
freedesktop-sdk.bst-components-file.bst	file	
freedesktop-sdk.bst-components-findutils.bst	findutils	
freedesktop-sdk.bst-components-flatpak-builder.bst	flatpak-builder	
freedesktop-sdk.bst-components-flatpak-minimal.bst	flatpak-minimal	
freedesktop-sdk.bst-components-flatpak-xdg-utils.bst	flatpak-xdg-utils	
freedesktop-sdk.bst-components-flex.bst	flex	
freedesktop-sdk.bst-components-fmtlib.bst	fmtlib	
freedesktop-sdk.bst-components-fontconfig.bst	fontconfig	
freedesktop-sdk.bst-components-foomatic-db.bst	foomatic-db	
freedesktop-sdk.bst-components-freetype.bst	freetype	
freedesktop-sdk.bst-components-frei0r.bst	frei0r	
freedesktop-sdk.bst-components-fribidi.bst	fribidi	
freedesktop-sdk.bst-components-fuse-overlayfs.bst	fuse-overlayfs	
freedesktop-sdk.bst-components-fuse3.bst	fuse3	
freedesktop-sdk.bst-components-gamemode-manifest.bst	gamemode-manifest	
freedesktop-sdk.bst-components-gawk.bst	gawk	
freedesktop-sdk.bst-components-gcc-libs.bst	gcc-libs	
freedesktop-sdk.bst-components-gcc-manifest.bst	gcc-manifest	
freedesktop-sdk.bst-components-gcc.bst	gcc	
freedesktop-sdk.bst-components-gdb.bst	gdb	
freedesktop-sdk.bst-components-gdbm.bst	gdbm	
freedesktop-sdk.bst-components-genpeimg.bst	genpeimg	
freedesktop-sdk.bst-components-geoclue-libs.bst	geoclue-libs	
freedesktop-sdk.bst-components-geoclue-manifest.bst	geoclue-manifest	
freedesktop-sdk.bst-components-geoclue.bst	geoclue	
freedesktop-sdk.bst-components-gettext.bst	gettext	
freedesktop-sdk.bst-components-gflags.bst	gflags	
freedesktop-sdk.bst-components-ghostscript.bst	ghostscript	
freedesktop-sdk.bst-components-giflib.bst	giflib	
freedesktop-sdk.bst-components-git-lfs.bst	git-lfs	
freedesktop-sdk.bst-components-git.bst	git	
freedesktop-sdk.bst-components-glibc-gconv-cache.bst	glibc-gconv-cache	
freedesktop-sdk.bst-components-glslang.bst	glslang	
freedesktop-sdk.bst-components-gmp.bst	gmp	
freedesktop-sdk.bst-components-gnu-efi-maybe.bst	gnu-efi-maybe	
freedesktop-sdk.bst-components-gnu-free-fonts.bst	gnu-free-fonts	
freedesktop-sdk.bst-components-gnupg.bst	gnupg	
freedesktop-sdk.bst-components-gnutls.bst	gnutls	
freedesktop-sdk.bst-components-go-md2man.bst	go-md2man	
freedesktop-sdk.bst-components-go.bst	go	
freedesktop-sdk.bst-components-google-crosextra-caladea.bst	google-crosextra-caladea	
freedesktop-sdk.bst-components-google-crosextra-carlito.bst	google-crosextra-carlito	
freedesktop-sdk.bst-components-gperf.bst	gperf	
freedesktop-sdk.bst-components-gpgme.bst	gpgme	
freedesktop-sdk.bst-components-gpgmepp.bst	gpgmepp	
freedesktop-sdk.bst-components-graphite2.bst	graphite2	
freedesktop-sdk.bst-components-grep.bst	grep	
freedesktop-sdk.bst-components-groff.bst	groff	
freedesktop-sdk.bst-components-grpc.bst	grpc	
freedesktop-sdk.bst-components-gstreamer-libav.bst	gstreamer-libav	
freedesktop-sdk.bst-components-gstreamer-plugins-bad.bst	gstreamer-plugins-bad	
freedesktop-sdk.bst-components-gstreamer-plugins-base.bst	gstreamer-plugins-base	
freedesktop-sdk.bst-components-gstreamer-plugins-good.bst	gstreamer-plugins-good	
freedesktop-sdk.bst-components-gstreamer-plugins-rs.bst	gstreamer-plugins-rs	
freedesktop-sdk.bst-components-gstreamer-plugins-ugly.bst	gstreamer-plugins-ugly	
freedesktop-sdk.bst-components-gstreamer.bst	gstreamer	
freedesktop-sdk.bst-components-gtk-doc.bst	gtk-doc	
freedesktop-sdk.bst-components-gyp.bst	gyp	
freedesktop-sdk.bst-components-gzip.bst	gzip	
freedesktop-sdk.bst-components-harfbuzz.bst	harfbuzz	
freedesktop-sdk.bst-components-help2man.bst	help2man	
freedesktop-sdk.bst-components-hicolor-icon-theme.bst	hicolor-icon-theme	
freedesktop-sdk.bst-components-hidapi.bst	hidapi	
freedesktop-sdk.bst-components-highway.bst	highway	
freedesktop-sdk.bst-components-hotdoc.bst	hotdoc	
freedesktop-sdk.bst-components-hunspell.bst	hunspell	
freedesktop-sdk.bst-components-hwdata.bst	hwdata	
freedesktop-sdk.bst-components-hyphen.bst	hyphen	
freedesktop-sdk.bst-components-iana-config.bst	iana-config	
freedesktop-sdk.bst-components-icu.bst	icu	
freedesktop-sdk.bst-components-inih.bst	inih	
freedesktop-sdk.bst-components-iproute2.bst	iproute2	
freedesktop-sdk.bst-components-iptables.bst	iptables	
freedesktop-sdk.bst-components-iputils.bst	iputils	
freedesktop-sdk.bst-components-iso-codes.bst	iso-codes	
freedesktop-sdk.bst-components-itstool.bst	itstool	
freedesktop-sdk.bst-components-jansson.bst	jansson	
freedesktop-sdk.bst-components-jpeg.bst	jpeg	
freedesktop-sdk.bst-components-jq.bst	jq	
freedesktop-sdk.bst-components-json-c.bst	json-c	
freedesktop-sdk.bst-components-kbd.bst	kbd	
freedesktop-sdk.bst-components-keyutils.bst	keyutils	
freedesktop-sdk.bst-components-kmod.bst	kmod	
freedesktop-sdk.bst-components-ladspa-sdk.bst	ladspa-sdk	
freedesktop-sdk.bst-components-lame.bst	lame	
freedesktop-sdk.bst-components-lcms.bst	lcms	
freedesktop-sdk.bst-components-less.bst	less	
freedesktop-sdk.bst-components-libaio.bst	libaio	
freedesktop-sdk.bst-components-libapparmor.bst	libapparmor	
freedesktop-sdk.bst-components-libarchive.bst	libarchive	
freedesktop-sdk.bst-components-libassuan.bst	libassuan	
freedesktop-sdk.bst-components-libatasmart.bst	libatasmart	
freedesktop-sdk.bst-components-libavif.bst	libavif	
freedesktop-sdk.bst-components-libblockdev.bst	libblockdev	
freedesktop-sdk.bst-components-libbpf.bst	libbpf	
freedesktop-sdk.bst-components-libbytesize.bst	libbytesize	
freedesktop-sdk.bst-components-libcamera.bst	libcamera	
freedesktop-sdk.bst-components-libcap-ng.bst	libcap-ng	
freedesktop-sdk.bst-components-libcap.bst	libcap	
freedesktop-sdk.bst-components-libcbor.bst	libcbor	
freedesktop-sdk.bst-components-libcupsfilters.bst	libcupsfilters	
freedesktop-sdk.bst-components-libdaemon.bst	libdaemon	
freedesktop-sdk.bst-components-libdatrie.bst	libdatrie	
freedesktop-sdk.bst-components-libdbus.bst	libdbus	
freedesktop-sdk.bst-components-libdecor.bst	libdecor	
freedesktop-sdk.bst-components-libdevmapper.bst	libdevmapper	
freedesktop-sdk.bst-components-libdrm.bst	libdrm	
freedesktop-sdk.bst-components-libebur128.bst	libebur128	
freedesktop-sdk.bst-components-libeconf.bst	libeconf	
freedesktop-sdk.bst-components-libei.bst	libei	
freedesktop-sdk.bst-components-libepoxy.bst	libepoxy	
freedesktop-sdk.bst-components-liberation-fonts.bst	liberation-fonts	
freedesktop-sdk.bst-components-libevdev.bst	libevdev	
freedesktop-sdk.bst-components-libevent.bst	libevent	
freedesktop-sdk.bst-components-libexif.bst	libexif	
freedesktop-sdk.bst-components-libffi.bst	libffi	
freedesktop-sdk.bst-components-libfido2.bst	libfido2	
freedesktop-sdk.bst-components-libfl.bst	libfl	
freedesktop-sdk.bst-components-libflac.bst	libflac	
freedesktop-sdk.bst-components-libfyaml.bst	libfyaml	
freedesktop-sdk.bst-components-libgamemode.bst	libgamemode	
freedesktop-sdk.bst-components-libgcrypt.bst	libgcrypt	
freedesktop-sdk.bst-components-libglvnd.bst	libglvnd	
freedesktop-sdk.bst-components-libgpg-error.bst	libgpg-error	
freedesktop-sdk.bst-components-libgudev.bst	libgudev	
freedesktop-sdk.bst-components-libgusb.bst	libgusb	
freedesktop-sdk.bst-components-libheif.bst	libheif	
freedesktop-sdk.bst-components-libidn2.bst	libidn2	
freedesktop-sdk.bst-components-libinput.bst	libinput	
freedesktop-sdk.bst-components-libjxl.bst	libjxl	
freedesktop-sdk.bst-components-libksba.bst	libksba	
freedesktop-sdk.bst-components-liblc3.bst	liblc3	
freedesktop-sdk.bst-components-libmbim.bst	libmbim	
freedesktop-sdk.bst-components-libmicrohttpd.bst	libmicrohttpd	
freedesktop-sdk.bst-components-libmnl.bst	libmnl	
freedesktop-sdk.bst-components-libmysofa.bst	libmysofa	
freedesktop-sdk.bst-components-libndp.bst	libndp	
freedesktop-sdk.bst-components-libnftnl.bst	libnftnl	
freedesktop-sdk.bst-components-libnghttp2.bst	libnghttp2	
freedesktop-sdk.bst-components-libnghttp3.bst	libnghttp3	
freedesktop-sdk.bst-components-libngtcp2.bst	libngtcp2	
freedesktop-sdk.bst-components-libnice.bst	libnice	
freedesktop-sdk.bst-components-libnl.bst	libnl	
freedesktop-sdk.bst-components-libnvme.bst	libnvme	
freedesktop-sdk.bst-components-libogg.bst	libogg	
freedesktop-sdk.bst-components-libp11.bst	libp11	
freedesktop-sdk.bst-components-libpaper.bst	libpaper	
freedesktop-sdk.bst-components-libpipeline.bst	libpipeline	
freedesktop-sdk.bst-components-libpng.bst	libpng	
freedesktop-sdk.bst-components-libppd.bst	libppd	
freedesktop-sdk.bst-components-libproxy.bst	libproxy	
freedesktop-sdk.bst-components-libpsl.bst	libpsl	
freedesktop-sdk.bst-components-libpulse.bst	libpulse	
freedesktop-sdk.bst-components-libqmi.bst	libqmi	
freedesktop-sdk.bst-components-libqrencode.bst	libqrencode	
freedesktop-sdk.bst-components-libqrtr-glib.bst	libqrtr-glib	
freedesktop-sdk.bst-components-libsamplerate.bst	libsamplerate	
freedesktop-sdk.bst-components-libseccomp.bst	libseccomp	
freedesktop-sdk.bst-components-libslirp.bst	libslirp	
freedesktop-sdk.bst-components-libsmbios-maybe.bst	libsmbios-maybe	
freedesktop-sdk.bst-components-libsrtp2.bst	libsrtp2	
freedesktop-sdk.bst-components-libtasn1.bst	libtasn1	
freedesktop-sdk.bst-components-libthai.bst	libthai	
freedesktop-sdk.bst-components-libtheora.bst	libtheora	
freedesktop-sdk.bst-components-libtiff.bst	libtiff	
freedesktop-sdk.bst-components-libtirpc.bst	libtirpc	
freedesktop-sdk.bst-components-libtool.bst	libtool	
freedesktop-sdk.bst-components-libtraceevent.bst	libtraceevent	
freedesktop-sdk.bst-components-libunistring.bst	libunistring	
freedesktop-sdk.bst-components-libunwind.bst	libunwind	
freedesktop-sdk.bst-components-liburcu.bst	liburcu	
freedesktop-sdk.bst-components-liburing.bst	liburing	
freedesktop-sdk.bst-components-libusb.bst	libusb	
freedesktop-sdk.bst-components-libva.bst	libva	
freedesktop-sdk.bst-components-libvdpau.bst	libvdpau	
freedesktop-sdk.bst-components-libvorbis.bst	libvorbis	
freedesktop-sdk.bst-components-libvpx.bst	libvpx	
freedesktop-sdk.bst-components-libwacom.bst	libwacom	
freedesktop-sdk.bst-components-libwebp.bst	libwebp	
freedesktop-sdk.bst-components-libxkbcommon.bst	libxkbcommon	
freedesktop-sdk.bst-components-libxml2.bst	libxml2	
freedesktop-sdk.bst-components-libxmlb.bst	libxmlb	
freedesktop-sdk.bst-components-libxslt.bst	libxslt	
freedesktop-sdk.bst-components-libyaml.bst	libyaml	
freedesktop-sdk.bst-components-linux-firmware.bst	linux-firmware	
freedesktop-sdk.bst-components-linux-pam-base.bst	linux-pam-base	
freedesktop-sdk.bst-components-linux-pam.bst	linux-pam	
freedesktop-sdk.bst-components-llvm.bst	llvm	
freedesktop-sdk.bst-components-locales.bst	locales	
freedesktop-sdk.bst-components-lua.bst	lua	
freedesktop-sdk.bst-components-lvm2.bst	lvm2	
freedesktop-sdk.bst-components-lz4.bst	lz4	
freedesktop-sdk.bst-components-lzip.bst	lzip	
freedesktop-sdk.bst-components-lzo.bst	lzo	
freedesktop-sdk.bst-components-m4.bst	m4	
freedesktop-sdk.bst-components-make.bst	make	
freedesktop-sdk.bst-components-man-db.bst	man-db	
freedesktop-sdk.bst-components-mandoc.bst	mandoc	
freedesktop-sdk.bst-components-mdadm.bst	mdadm	
freedesktop-sdk.bst-components-mesa-headers.bst	mesa-headers	
freedesktop-sdk.bst-components-meson.bst	meson	
freedesktop-sdk.bst-components-modemmanager.bst	modemmanager	
freedesktop-sdk.bst-components-mpfr.bst	mpfr	
freedesktop-sdk.bst-components-mpg123.bst	mpg123	
freedesktop-sdk.bst-components-mtdev.bst	mtdev	
freedesktop-sdk.bst-components-mutool.bst	mutool	
freedesktop-sdk.bst-components-mythes.bst	mythes	
freedesktop-sdk.bst-components-nano.bst	nano	
freedesktop-sdk.bst-components-nasm.bst	nasm	
freedesktop-sdk.bst-components-netavark.bst	netavark	
freedesktop-sdk.bst-components-nettle.bst	nettle	
freedesktop-sdk.bst-components-nftables.bst	nftables	
freedesktop-sdk.bst-components-ninja.bst	ninja	
freedesktop-sdk.bst-components-noto-emoji.bst	noto-emoji	
freedesktop-sdk.bst-components-npth.bst	npth	
freedesktop-sdk.bst-components-nspr.bst	nspr	
freedesktop-sdk.bst-components-nss.bst	nss	
freedesktop-sdk.bst-components-nv-codec-headers.bst	nv-codec-headers	
freedesktop-sdk.bst-components-oci-builder.bst	oci-builder	
freedesktop-sdk.bst-components-open-iscsi.bst	open-iscsi	
freedesktop-sdk.bst-components-open-isns.bst	open-isns	
freedesktop-sdk.bst-components-openal.bst	openal	
freedesktop-sdk.bst-components-opencl.bst	opencl	
freedesktop-sdk.bst-components-openjpeg.bst	openjpeg	
freedesktop-sdk.bst-components-openssh-systemd.bst	openssh-systemd	
freedesktop-sdk.bst-components-openssh.bst	openssh	
freedesktop-sdk.bst-components-openssl.bst	openssl	
freedesktop-sdk.bst-components-opus.bst	opus	
freedesktop-sdk.bst-components-opusfile.bst	opusfile	
freedesktop-sdk.bst-components-orc.bst	orc	
freedesktop-sdk.bst-components-ostree-minimal.bst	ostree-minimal	
freedesktop-sdk.bst-components-ostree.bst	ostree	
freedesktop-sdk.bst-components-p11-kit.bst	p11-kit	
freedesktop-sdk.bst-components-pahole.bst	pahole	
freedesktop-sdk.bst-components-parallel.bst	parallel	
freedesktop-sdk.bst-components-parted.bst	parted	
freedesktop-sdk.bst-components-passt.bst	passt	
freedesktop-sdk.bst-components-patch.bst	patch	
freedesktop-sdk.bst-components-patchelf.bst	patchelf	
freedesktop-sdk.bst-components-pciutils.bst	pciutils	
freedesktop-sdk.bst-components-pcsc-lite.bst	pcsc-lite	
freedesktop-sdk.bst-components-pdfio.bst	pdfio	
freedesktop-sdk.bst-components-perl-build.bst	perl-build	
freedesktop-sdk.bst-components-perl-class-inspector.bst	perl-class-inspector	
freedesktop-sdk.bst-components-perl-file-sharedir-install.bst	perl-file-sharedir-install	
freedesktop-sdk.bst-components-perl-file-sharedir.bst	perl-file-sharedir	
freedesktop-sdk.bst-components-perl-module-build.bst	perl-module-build	
freedesktop-sdk.bst-components-perl-module-install.bst	perl-module-install	
freedesktop-sdk.bst-components-perl-module-scandeps.bst	perl-module-scandeps	
freedesktop-sdk.bst-components-perl-pod-parser.bst	perl-pod-parser	
freedesktop-sdk.bst-components-perl-sasl.bst	perl-sasl	
freedesktop-sdk.bst-components-perl-ssl.bst	perl-ssl	
freedesktop-sdk.bst-components-perl-ssleay.bst	perl-ssleay	
freedesktop-sdk.bst-components-perl-xml-parser.bst	perl-xml-parser	
freedesktop-sdk.bst-components-perl-yaml-tiny.bst	perl-yaml-tiny	
freedesktop-sdk.bst-components-perl.bst	perl	
freedesktop-sdk.bst-components-pipewire-daemon.bst	pipewire-daemon	
freedesktop-sdk.bst-components-pipewire-manifest.bst	pipewire-manifest	
freedesktop-sdk.bst-components-pipewire.bst	pipewire	
freedesktop-sdk.bst-components-pixman.bst	pixman	
freedesktop-sdk.bst-components-pkg-config.bst	pkg-config	
freedesktop-sdk.bst-components-po4a.bst	po4a	
freedesktop-sdk.bst-components-podman.bst	podman	
freedesktop-sdk.bst-components-polkit-gobject.bst	polkit-gobject	
freedesktop-sdk.bst-components-polkit-manifest.bst	polkit-manifest	
freedesktop-sdk.bst-components-polkit.bst	polkit	
freedesktop-sdk.bst-components-poppler.bst	poppler	
freedesktop-sdk.bst-components-popt.bst	popt	
freedesktop-sdk.bst-components-procps.bst	procps	
freedesktop-sdk.bst-components-protobuf.bst	protobuf	
freedesktop-sdk.bst-components-pwquality.bst	pwquality	
freedesktop-sdk.bst-components-pycairo.bst	pycairo	
freedesktop-sdk.bst-components-python3-alabaster.bst	python3-alabaster	
freedesktop-sdk.bst-components-python3-appdirs.bst	python3-appdirs	
freedesktop-sdk.bst-components-python3-arpy.bst	python3-arpy	
freedesktop-sdk.bst-components-python3-attrs.bst	python3-attrs	
freedesktop-sdk.bst-components-python3-babel.bst	python3-babel	
freedesktop-sdk.bst-components-python3-backports-entrypoints-selectable.bst	python3-backports-entrypoints-selectable	
freedesktop-sdk.bst-components-python3-blessings.bst	python3-blessings	
freedesktop-sdk.bst-components-python3-build.bst	python3-build	
freedesktop-sdk.bst-components-python3-calver.bst	python3-calver	
freedesktop-sdk.bst-components-python3-certifi.bst	python3-certifi	
freedesktop-sdk.bst-components-python3-chardet.bst	python3-chardet	
freedesktop-sdk.bst-components-python3-charset-normalizer.bst	python3-charset-normalizer	
freedesktop-sdk.bst-components-python3-click.bst	python3-click	
freedesktop-sdk.bst-components-python3-contextlib2.bst	python3-contextlib2	
freedesktop-sdk.bst-components-python3-dbus-deviation.bst	python3-dbus-deviation	
freedesktop-sdk.bst-components-python3-dbus.bst	python3-dbus	
freedesktop-sdk.bst-components-python3-docutils.bst	python3-docutils	
freedesktop-sdk.bst-components-python3-dulwich.bst	python3-dulwich	
freedesktop-sdk.bst-components-python3-editables.bst	python3-editables	
freedesktop-sdk.bst-components-python3-faust-cchardet.bst	python3-faust-cchardet	
freedesktop-sdk.bst-components-python3-flit-core.bst	python3-flit-core	
freedesktop-sdk.bst-components-python3-grpcio.bst	python3-grpcio	
freedesktop-sdk.bst-components-python3-hatch-fancy-pypi-readme.bst	python3-hatch-fancy-pypi-readme	
freedesktop-sdk.bst-components-python3-hatch-vcs.bst	python3-hatch-vcs	
freedesktop-sdk.bst-components-python3-hatchling.bst	python3-hatchling	
freedesktop-sdk.bst-components-python3-idna.bst	python3-idna	
freedesktop-sdk.bst-components-python3-imagesize.bst	python3-imagesize	
freedesktop-sdk.bst-components-python3-installer.bst	python3-installer	
freedesktop-sdk.bst-components-python3-jinja2.bst	python3-jinja2	
freedesktop-sdk.bst-components-python3-lxml.bst	python3-lxml	
freedesktop-sdk.bst-components-python3-mako.bst	python3-mako	
freedesktop-sdk.bst-components-python3-markdown.bst	python3-markdown	
freedesktop-sdk.bst-components-python3-markupsafe.bst	python3-markupsafe	
freedesktop-sdk.bst-components-python3-networkx.bst	python3-networkx	
freedesktop-sdk.bst-components-python3-nftables.bst	python3-nftables	
freedesktop-sdk.bst-components-python3-packaging.bst	python3-packaging	
freedesktop-sdk.bst-components-python3-pathspec.bst	python3-pathspec	
freedesktop-sdk.bst-components-python3-pefile.bst	python3-pefile	
freedesktop-sdk.bst-components-python3-pil.bst	python3-pil	
freedesktop-sdk.bst-components-python3-pkgconfig.bst	python3-pkgconfig	
freedesktop-sdk.bst-components-python3-pluggy.bst	python3-pluggy	
freedesktop-sdk.bst-components-python3-pluginbase.bst	python3-pluginbase	
freedesktop-sdk.bst-components-python3-ply.bst	python3-ply	
freedesktop-sdk.bst-components-python3-poetry-core.bst	python3-poetry-core	
freedesktop-sdk.bst-components-python3-protobuf.bst	python3-protobuf	
freedesktop-sdk.bst-components-python3-psutil.bst	python3-psutil	
freedesktop-sdk.bst-components-python3-pycparser.bst	python3-pycparser	
freedesktop-sdk.bst-components-python3-pyelftools.bst	python3-pyelftools	
freedesktop-sdk.bst-components-python3-pygments.bst	python3-pygments	
freedesktop-sdk.bst-components-python3-pyparsing.bst	python3-pyparsing	
freedesktop-sdk.bst-components-python3-pyproject-hooks.bst	python3-pyproject-hooks	
freedesktop-sdk.bst-components-python3-pyroaring.bst	python3-pyroaring	
freedesktop-sdk.bst-components-python3-pyyaml.bst	python3-pyyaml	
freedesktop-sdk.bst-components-python3-requests.bst	python3-requests	
freedesktop-sdk.bst-components-python3-roman-numerals.bst	python3-roman-numerals	
freedesktop-sdk.bst-components-python3-ruamel-yaml-clib.bst	python3-ruamel-yaml-clib	
freedesktop-sdk.bst-components-python3-ruamel-yaml.bst	python3-ruamel-yaml	
freedesktop-sdk.bst-components-python3-schema.bst	python3-schema	
freedesktop-sdk.bst-components-python3-semantic-version.bst	python3-semantic-version	
freedesktop-sdk.bst-components-python3-setuptools-git.bst	python3-setuptools-git	
freedesktop-sdk.bst-components-python3-setuptools-rust.bst	python3-setuptools-rust	
freedesktop-sdk.bst-components-python3-setuptools-scm.bst	python3-setuptools-scm	
freedesktop-sdk.bst-components-python3-setuptools.bst	python3-setuptools	
freedesktop-sdk.bst-components-python3-smartypants.bst	python3-smartypants	
freedesktop-sdk.bst-components-python3-snowballstemmer.bst	python3-snowballstemmer	
freedesktop-sdk.bst-components-python3-sphinx-rtd-theme.bst	python3-sphinx-rtd-theme	
freedesktop-sdk.bst-components-python3-sphinx.bst	python3-sphinx	
freedesktop-sdk.bst-components-python3-sphinxcontrib-applehelp.bst	python3-sphinxcontrib-applehelp	
freedesktop-sdk.bst-components-python3-sphinxcontrib-devhelp.bst	python3-sphinxcontrib-devhelp	
freedesktop-sdk.bst-components-python3-sphinxcontrib-htmlhelp.bst	python3-sphinxcontrib-htmlhelp	
freedesktop-sdk.bst-components-python3-sphinxcontrib-jquery.bst	python3-sphinxcontrib-jquery	
freedesktop-sdk.bst-components-python3-sphinxcontrib-jsmath.bst	python3-sphinxcontrib-jsmath	
freedesktop-sdk.bst-components-python3-sphinxcontrib-qthelp.bst	python3-sphinxcontrib-qthelp	
freedesktop-sdk.bst-components-python3-sphinxcontrib-serializinghtml.bst	python3-sphinxcontrib-serializinghtml	
freedesktop-sdk.bst-components-python3-tomlkit.bst	python3-tomlkit	
freedesktop-sdk.bst-components-python3-toposort.bst	python3-toposort	
freedesktop-sdk.bst-components-python3-trove-classifiers.bst	python3-trove-classifiers	
freedesktop-sdk.bst-components-python3-typing-extensions.bst	python3-typing-extensions	
freedesktop-sdk.bst-components-python3-typogrify.bst	python3-typogrify	
freedesktop-sdk.bst-components-python3-ujson.bst	python3-ujson	
freedesktop-sdk.bst-components-python3-urllib3.bst	python3-urllib3	
freedesktop-sdk.bst-components-python3-vcs-versioning.bst	python3-vcs-versioning	
freedesktop-sdk.bst-components-python3-wheel.bst	python3-wheel	
freedesktop-sdk.bst-components-python3-wheezy-template.bst	python3-wheezy-template	
freedesktop-sdk.bst-components-python3.bst	python3	
freedesktop-sdk.bst-components-rdfind.bst	rdfind	
freedesktop-sdk.bst-components-rsync.bst	rsync	
freedesktop-sdk.bst-components-rtkit.bst	rtkit	
freedesktop-sdk.bst-components-ruby.bst	ruby	
freedesktop-sdk.bst-components-rust-bindgen.bst	rust-bindgen	
freedesktop-sdk.bst-components-rust-cbindgen.bst	rust-cbindgen	
freedesktop-sdk.bst-components-rust-src.bst	rust-src	
freedesktop-sdk.bst-components-rust.bst	rust	
freedesktop-sdk.bst-components-sbc.bst	sbc	
freedesktop-sdk.bst-components-scdoc.bst	scdoc	
freedesktop-sdk.bst-components-sdl2-compat.bst	sdl2-compat	
freedesktop-sdk.bst-components-sdl3-image.bst	sdl3-image	
freedesktop-sdk.bst-components-sdl3-mixer.bst	sdl3-mixer	
freedesktop-sdk.bst-components-sdl3-net.bst	sdl3-net	
freedesktop-sdk.bst-components-sdl3-ttf.bst	sdl3-ttf	
freedesktop-sdk.bst-components-sdl3.bst	sdl3	
freedesktop-sdk.bst-components-sed.bst	sed	
freedesktop-sdk.bst-components-shaderc.bst	shaderc	
freedesktop-sdk.bst-components-shadow.bst	shadow	
freedesktop-sdk.bst-components-shared-mime-info.bst	shared-mime-info	
freedesktop-sdk.bst-components-skopeo.bst	skopeo	
freedesktop-sdk.bst-components-slang.bst	slang	
freedesktop-sdk.bst-components-sndfile.bst	sndfile	
freedesktop-sdk.bst-components-sof-firmware.bst	sof-firmware	
freedesktop-sdk.bst-components-speex.bst	speex	
freedesktop-sdk.bst-components-speexdsp.bst	speexdsp	
freedesktop-sdk.bst-components-spirv-headers.bst	spirv-headers	
freedesktop-sdk.bst-components-spirv-llvm-translator.bst	spirv-llvm-translator	
freedesktop-sdk.bst-components-spirv-tools.bst	spirv-tools	
freedesktop-sdk.bst-components-sqlite.bst	sqlite	
freedesktop-sdk.bst-components-squashfs-tools.bst	squashfs-tools	
freedesktop-sdk.bst-components-steam-devices.bst	steam-devices	
freedesktop-sdk.bst-components-strace.bst	strace	
freedesktop-sdk.bst-components-stripper.bst	stripper	
freedesktop-sdk.bst-components-sudo.bst	sudo	
freedesktop-sdk.bst-components-supported-locales.bst	supported-locales	
freedesktop-sdk.bst-components-svt-av1.bst	svt-av1	
freedesktop-sdk.bst-components-swig.bst	swig	
freedesktop-sdk.bst-components-systemd-hwdb-maybe.bst	systemd-hwdb-maybe	
freedesktop-sdk.bst-components-systemd-manifest.bst	systemd-manifest	
freedesktop-sdk.bst-components-taglib.bst	taglib	
freedesktop-sdk.bst-components-tar.bst	tar	
freedesktop-sdk.bst-components-tex-gyre-fonts.bst	tex-gyre-fonts	
freedesktop-sdk.bst-components-texinfo.bst	texinfo	
freedesktop-sdk.bst-components-tomlplusplus.bst	tomlplusplus	
freedesktop-sdk.bst-components-tpm2-tools.bst	tpm2-tools	
freedesktop-sdk.bst-components-tpm2-tss.bst	tpm2-tss	
freedesktop-sdk.bst-components-tzdata.bst	tzdata	
freedesktop-sdk.bst-components-usbutils.bst	usbutils	
freedesktop-sdk.bst-components-utf-locale.bst	utf-locale	
freedesktop-sdk.bst-components-utf8cpp.bst	utf8cpp	
freedesktop-sdk.bst-components-util-linux-full.bst	util-linux-full	
freedesktop-sdk.bst-components-util-linux-libfdisk.bst	util-linux-libfdisk	
freedesktop-sdk.bst-components-util-linux-libs.bst	util-linux-libs	
freedesktop-sdk.bst-components-util-linux-manifest.bst	util-linux-manifest	
freedesktop-sdk.bst-components-util-linux.bst	util-linux	
freedesktop-sdk.bst-components-v4l-utils.bst	v4l-utils	
freedesktop-sdk.bst-components-valgrind-maybe.bst	valgrind-maybe	
freedesktop-sdk.bst-components-vim.bst	vim	
freedesktop-sdk.bst-components-vmlinuxh-pregenerated.bst	vmlinuxh-pregenerated	
freedesktop-sdk.bst-components-vmlinuxh.bst	vmlinuxh	
freedesktop-sdk.bst-components-volume-key.bst	volume-key	
freedesktop-sdk.bst-components-vulkan-headers.bst	vulkan-headers	
freedesktop-sdk.bst-components-vulkan-icd-loader.bst	vulkan-icd-loader	
freedesktop-sdk.bst-components-wavpack.bst	wavpack	
freedesktop-sdk.bst-components-wayland-protocols.bst	wayland-protocols	
freedesktop-sdk.bst-components-wayland.bst	wayland	
freedesktop-sdk.bst-components-webrtc-audio-processing.bst	webrtc-audio-processing	
freedesktop-sdk.bst-components-wget2.bst	wget2	
freedesktop-sdk.bst-components-which.bst	which	
freedesktop-sdk.bst-components-wildmidi.bst	wildmidi	
freedesktop-sdk.bst-components-wireless-regdb-bin.bst	wireless-regdb-bin	
freedesktop-sdk.bst-components-wireplumber.bst	wireplumber	
freedesktop-sdk.bst-components-wpa-supplicant.bst	wpa-supplicant	
freedesktop-sdk.bst-components-xcb-util-cursor.bst	xcb-util-cursor	
freedesktop-sdk.bst-components-xcb-util-image.bst	xcb-util-image	
freedesktop-sdk.bst-components-xcb-util-keysyms.bst	xcb-util-keysyms	
freedesktop-sdk.bst-components-xcb-util-renderutil.bst	xcb-util-renderutil	
freedesktop-sdk.bst-components-xcb-util-wm.bst	xcb-util-wm	
freedesktop-sdk.bst-components-xcb-util.bst	xcb-util	
freedesktop-sdk.bst-components-xdg-dbus-proxy.bst	xdg-dbus-proxy	
freedesktop-sdk.bst-components-xdg-desktop-portal-manifest.bst	xdg-desktop-portal-manifest	
freedesktop-sdk.bst-components-xdg-portal-interfaces.bst	xdg-portal-interfaces	
freedesktop-sdk.bst-components-xdg-user-dirs.bst	xdg-user-dirs	
freedesktop-sdk.bst-components-xfsprogs.bst	xfsprogs	
freedesktop-sdk.bst-components-xmlto.bst	xmlto	
freedesktop-sdk.bst-components-xmltoman.bst	xmltoman	
freedesktop-sdk.bst-components-xorg-app-xkbcomp.bst	xorg-app-xkbcomp	
freedesktop-sdk.bst-components-xorg-data-xkeyboard-config.bst	xorg-data-xkeyboard-config	
freedesktop-sdk.bst-components-xorg-font-util.bst	xorg-font-util	
freedesktop-sdk.bst-components-xorg-lib-fontenc.bst	xorg-lib-fontenc	
freedesktop-sdk.bst-components-xorg-lib-ice.bst	xorg-lib-ice	
freedesktop-sdk.bst-components-xorg-lib-pciaccess.bst	xorg-lib-pciaccess	
freedesktop-sdk.bst-components-xorg-lib-sm.bst	xorg-lib-sm	
freedesktop-sdk.bst-components-xorg-lib-x11.bst	xorg-lib-x11	
freedesktop-sdk.bst-components-xorg-lib-xau.bst	xorg-lib-xau	
freedesktop-sdk.bst-components-xorg-lib-xcb.bst	xorg-lib-xcb	
freedesktop-sdk.bst-components-xorg-lib-xcomposite.bst	xorg-lib-xcomposite	
freedesktop-sdk.bst-components-xorg-lib-xcursor.bst	xorg-lib-xcursor	
freedesktop-sdk.bst-components-xorg-lib-xcvt.bst	xorg-lib-xcvt	
freedesktop-sdk.bst-components-xorg-lib-xdamage.bst	xorg-lib-xdamage	
freedesktop-sdk.bst-components-xorg-lib-xdmcp.bst	xorg-lib-xdmcp	
freedesktop-sdk.bst-components-xorg-lib-xext.bst	xorg-lib-xext	
freedesktop-sdk.bst-components-xorg-lib-xfixes.bst	xorg-lib-xfixes	
freedesktop-sdk.bst-components-xorg-lib-xfont2.bst	xorg-lib-xfont2	
freedesktop-sdk.bst-components-xorg-lib-xft.bst	xorg-lib-xft	
freedesktop-sdk.bst-components-xorg-lib-xi.bst	xorg-lib-xi	
freedesktop-sdk.bst-components-xorg-lib-xinerama.bst	xorg-lib-xinerama	
freedesktop-sdk.bst-components-xorg-lib-xkbfile.bst	xorg-lib-xkbfile	
freedesktop-sdk.bst-components-xorg-lib-xpm.bst	xorg-lib-xpm	
freedesktop-sdk.bst-components-xorg-lib-xrandr.bst	xorg-lib-xrandr	
freedesktop-sdk.bst-components-xorg-lib-xrender.bst	xorg-lib-xrender	
freedesktop-sdk.bst-components-xorg-lib-xscrnsaver.bst	xorg-lib-xscrnsaver	
freedesktop-sdk.bst-components-xorg-lib-xshmfence.bst	xorg-lib-xshmfence	
freedesktop-sdk.bst-components-xorg-lib-xt.bst	xorg-lib-xt	
freedesktop-sdk.bst-components-xorg-lib-xtrans.bst	xorg-lib-xtrans	
freedesktop-sdk.bst-components-xorg-lib-xtst.bst	xorg-lib-xtst	
freedesktop-sdk.bst-components-xorg-lib-xv.bst	xorg-lib-xv	
freedesktop-sdk.bst-components-xorg-lib-xxf86vm.bst	xorg-lib-xxf86vm	
freedesktop-sdk.bst-components-xorg-proto-xcb.bst	xorg-proto-xcb	
freedesktop-sdk.bst-components-xorg-proto-xorgproto.bst	xorg-proto-xorgproto	
freedesktop-sdk.bst-components-xorg-util-macros.bst	xorg-util-macros	
freedesktop-sdk.bst-components-xwayland.bst	xwayland	
freedesktop-sdk.bst-components-xxhash.bst	xxhash	
freedesktop-sdk.bst-components-xz-docs.bst	xz-docs	
freedesktop-sdk.bst-components-xz.bst	xz	
freedesktop-sdk.bst-components-zip.bst	zip	
freedesktop-sdk.bst-components-zlib.bst	zlib	
freedesktop-sdk.bst-components-zstd.bst	zstd	
freedesktop-sdk.bst-extensions-mesa-libclc.bst	libclc	
freedesktop-sdk.bst-extensions-mesa-libdrm.bst	libdrm	
freedesktop-sdk.bst-extensions-mesa-llvm.bst	llvm	
freedesktop-sdk.bst-extensions-mesa-mesa.bst	mesa	
freedesktop-sdk.bst-integration-ldconfig.bst	ldconfig	
freedesktop-sdk.bst-integration-mtab.bst	mtab	
freedesktop-sdk.bst-platform.bst	platform	
freedesktop-sdk.bst-public-stacks-buildsystem-autotools.bst	buildsystem-autotools	
freedesktop-sdk.bst-public-stacks-buildsystem-cmake.bst	buildsystem-cmake	
freedesktop-sdk.bst-public-stacks-buildsystem-go.bst	buildsystem-go	
freedesktop-sdk.bst-public-stacks-buildsystem-make.bst	buildsystem-make	
freedesktop-sdk.bst-public-stacks-buildsystem-meson.bst	buildsystem-meson	
freedesktop-sdk.bst-public-stacks-buildsystem-python-flit.bst	buildsystem-python-flit	
freedesktop-sdk.bst-public-stacks-buildsystem-python-hatchling.bst	buildsystem-python-hatchling	
freedesktop-sdk.bst-public-stacks-buildsystem-python-poetry.bst	buildsystem-python-poetry	
freedesktop-sdk.bst-public-stacks-buildsystem-python-setuptools.bst	buildsystem-python-setuptools	
freedesktop-sdk.bst-public-stacks-buildsystem-rust.bst	buildsystem-rust	
freedesktop-sdk.bst-public-stacks-runtime-gnu.bst	runtime-gnu	
freedesktop-sdk.bst-public-stacks-runtime-minimal.bst	runtime-minimal	
freedesktop-sdk.bst-vm-config-sudo.bst	sudo	
freedesktop-sdk.bst-vm-config-useradd-default.bst	useradd-default	
freedesktop-sdk.bst-vm-mesa-default.bst	mesa-default	
freedesktop-sdk.bst-vm-prepare-image.bst	prepare-image	
gnome-build-meta.bst-buildsystems-autotools.bst	autotools	
gnome-build-meta.bst-buildsystems-cmake.bst	cmake	
gnome-build-meta.bst-buildsystems-jobserver-pool.bst	jobserver-pool	
gnome-build-meta.bst-buildsystems-make.bst	make	
gnome-build-meta.bst-buildsystems-meson.bst	meson	
gnome-build-meta.bst-buildsystems-recc-wrapper.bst	recc-wrapper	
gnome-build-meta.bst-core-baobab.bst	baobab	
gnome-build-meta.bst-core-calls.bst	calls	
gnome-build-meta.bst-core-d-spy.bst	d-spy	
gnome-build-meta.bst-core-dconf-editor.bst	dconf-editor	
gnome-build-meta.bst-core-deps-LibVNCServer.bst	LibVNCServer	
gnome-build-meta.bst-core-deps-NetworkManager.bst	NetworkManager	
gnome-build-meta.bst-core-deps-accountsservice.bst	accountsservice	
gnome-build-meta.bst-core-deps-boltd.bst	boltd	
gnome-build-meta.bst-core-deps-brltty.bst	brltty	
gnome-build-meta.bst-core-deps-callaudiod.bst	callaudiod	
gnome-build-meta.bst-core-deps-cjson.bst	cjson	
gnome-build-meta.bst-core-deps-cmark.bst	cmark	
gnome-build-meta.bst-core-deps-colord-gtk.bst	colord-gtk	
gnome-build-meta.bst-core-deps-colord.bst	colord	
gnome-build-meta.bst-core-deps-cups-pk-helper.bst	cups-pk-helper	
gnome-build-meta.bst-core-deps-dasbus.bst	dasbus	
gnome-build-meta.bst-core-deps-dconf.bst	dconf	
gnome-build-meta.bst-core-deps-dnsmasq.bst	dnsmasq	
gnome-build-meta.bst-core-deps-dotconf.bst	dotconf	
gnome-build-meta.bst-core-deps-ebtables.bst	ebtables	
gnome-build-meta.bst-core-deps-editorconfig-core-c.bst	editorconfig-core-c	
gnome-build-meta.bst-core-deps-espeak-ng.bst	espeak-ng	
gnome-build-meta.bst-core-deps-evolution-data-server.bst	evolution-data-server	
gnome-build-meta.bst-core-deps-exempi.bst	exempi	
gnome-build-meta.bst-core-deps-exiv2.bst	exiv2	
gnome-build-meta.bst-core-deps-fast-float.bst	fast-float	
gnome-build-meta.bst-core-deps-fdk-aac-free.bst	fdk-aac-free	
gnome-build-meta.bst-core-deps-feedbackd.bst	feedbackd	
gnome-build-meta.bst-core-deps-flatpak.bst	flatpak	
gnome-build-meta.bst-core-deps-folks.bst	folks	
gnome-build-meta.bst-core-deps-foundry.bst	foundry	
gnome-build-meta.bst-core-deps-freerdp.bst	freerdp	
gnome-build-meta.bst-core-deps-fwupd-efi.bst	fwupd-efi	
gnome-build-meta.bst-core-deps-fwupd.bst	fwupd	
gnome-build-meta.bst-core-deps-geocode-glib.bst	geocode-glib	
gnome-build-meta.bst-core-deps-gexiv2.bst	gexiv2	
gnome-build-meta.bst-core-deps-glib-testing.bst	glib-testing	
gnome-build-meta.bst-core-deps-gmobile.bst	gmobile	
gnome-build-meta.bst-core-deps-gnome-autoar.bst	gnome-autoar	
gnome-build-meta.bst-core-deps-gnome-online-accounts.bst	gnome-online-accounts	
gnome-build-meta.bst-core-deps-gom.bst	gom	
gnome-build-meta.bst-core-deps-graphviz.bst	graphviz	
gnome-build-meta.bst-core-deps-gsound.bst	gsound	
gnome-build-meta.bst-core-deps-gssdp.bst	gssdp	
gnome-build-meta.bst-core-deps-gst-editing-services.bst	gst-editing-services	
gnome-build-meta.bst-core-deps-gupnp-av.bst	gupnp-av	
gnome-build-meta.bst-core-deps-gupnp-dlna.bst	gupnp-dlna	
gnome-build-meta.bst-core-deps-gupnp.bst	gupnp	
gnome-build-meta.bst-core-deps-gweather-locations.bst	gweather-locations	
gnome-build-meta.bst-core-deps-hwdata.bst	hwdata	
gnome-build-meta.bst-core-deps-ibus-daemon.bst	ibus-daemon	
gnome-build-meta.bst-core-deps-intltool.bst	intltool	
gnome-build-meta.bst-core-deps-jasmine-gjs.bst	jasmine-gjs	
gnome-build-meta.bst-core-deps-jsonrpc-glib.bst	jsonrpc-glib	
gnome-build-meta.bst-core-deps-libbluray.bst	libbluray	
gnome-build-meta.bst-core-deps-libcacard.bst	libcacard	
gnome-build-meta.bst-core-deps-libcanberra.bst	libcanberra	
gnome-build-meta.bst-core-deps-libcdio-paranoia.bst	libcdio-paranoia	
gnome-build-meta.bst-core-deps-libcdio.bst	libcdio	
gnome-build-meta.bst-core-deps-libcheck.bst	libcheck	
gnome-build-meta.bst-core-deps-libcloudproviders.bst	libcloudproviders	
gnome-build-meta.bst-core-deps-libcue.bst	libcue	
gnome-build-meta.bst-core-deps-libdisplay-info.bst	libdisplay-info	
gnome-build-meta.bst-core-deps-libdvdcss.bst	libdvdcss	
gnome-build-meta.bst-core-deps-libdvdread.bst	libdvdread	
gnome-build-meta.bst-core-deps-libgit2-glib.bst	libgit2-glib	
gnome-build-meta.bst-core-deps-libgit2.bst	libgit2	
gnome-build-meta.bst-core-deps-libgphoto2.bst	libgphoto2	
gnome-build-meta.bst-core-deps-libgsf.bst	libgsf	
gnome-build-meta.bst-core-deps-libgsystemservice.bst	libgsystemservice	
gnome-build-meta.bst-core-deps-libgtop.bst	libgtop	
gnome-build-meta.bst-core-deps-libgweather.bst	libgweather	
gnome-build-meta.bst-core-deps-libgxps.bst	libgxps	
gnome-build-meta.bst-core-deps-libhandy.bst	libhandy	
gnome-build-meta.bst-core-deps-libical3.bst	libical3	
gnome-build-meta.bst-core-deps-libimobiledevice-glue.bst	libimobiledevice-glue	
gnome-build-meta.bst-core-deps-libimobiledevice.bst	libimobiledevice	
gnome-build-meta.bst-core-deps-libmediaart.bst	libmediaart	
gnome-build-meta.bst-core-deps-libmediainfo.bst	libmediainfo	
gnome-build-meta.bst-core-deps-libmtp.bst	libmtp	
gnome-build-meta.bst-core-deps-libnfs.bst	libnfs	
gnome-build-meta.bst-core-deps-libnma.bst	libnma	
gnome-build-meta.bst-core-deps-libosinfo.bst	libosinfo	
gnome-build-meta.bst-core-deps-libpcap.bst	libpcap	
gnome-build-meta.bst-core-deps-libpeas.bst	libpeas	
gnome-build-meta.bst-core-deps-libplist.bst	libplist	
gnome-build-meta.bst-core-deps-librest.bst	librest	
gnome-build-meta.bst-core-deps-libspelling.bst	libspelling	
gnome-build-meta.bst-core-deps-libssh2.bst	libssh2	
gnome-build-meta.bst-core-deps-libtatsu.bst	libtatsu	
gnome-build-meta.bst-core-deps-libusbmuxd.bst	libusbmuxd	
gnome-build-meta.bst-core-deps-libvirt-glib.bst	libvirt-glib	
gnome-build-meta.bst-core-deps-libvirt.bst	libvirt	
gnome-build-meta.bst-core-deps-libzen.bst	libzen	
gnome-build-meta.bst-core-deps-libzip.bst	libzip	
gnome-build-meta.bst-core-deps-localsearch.bst	localsearch	
gnome-build-meta.bst-core-deps-malcontent.bst	malcontent	
gnome-build-meta.bst-core-deps-mobile-broadband-provider-info.bst	mobile-broadband-provider-info	
gnome-build-meta.bst-core-deps-msgraph.bst	msgraph	
gnome-build-meta.bst-core-deps-nv-codec-headers.bst	nv-codec-headers	
gnome-build-meta.bst-core-deps-oo7-daemon.bst	oo7-daemon	
gnome-build-meta.bst-core-deps-oo7-pam.bst	oo7-pam	
gnome-build-meta.bst-core-deps-oo7-portal.bst	oo7-portal	
gnome-build-meta.bst-core-deps-openldap.bst	openldap	
gnome-build-meta.bst-core-deps-osinfo-db-tools.bst	osinfo-db-tools	
gnome-build-meta.bst-core-deps-osinfo-db.bst	osinfo-db	
gnome-build-meta.bst-core-deps-passim.bst	passim	
gnome-build-meta.bst-core-deps-perl-parse-yapp.bst	perl-parse-yapp	
gnome-build-meta.bst-core-deps-phodav.bst	phodav	
gnome-build-meta.bst-core-deps-pkcs11-helper.bst	pkcs11-helper	
gnome-build-meta.bst-core-deps-plymouth.bst	plymouth	
gnome-build-meta.bst-core-deps-power-profiles-daemon.bst	power-profiles-daemon	
gnome-build-meta.bst-core-deps-ppp.bst	ppp	
gnome-build-meta.bst-core-deps-protobuf-c.bst	protobuf-c	
gnome-build-meta.bst-core-deps-pyatspi.bst	pyatspi	
gnome-build-meta.bst-core-deps-pycups.bst	pycups	
gnome-build-meta.bst-core-deps-python-argcomplete.bst	python-argcomplete	
gnome-build-meta.bst-core-deps-python-dbusmock.bst	python-dbusmock	
gnome-build-meta.bst-core-deps-python-pyparsing.bst	python-pyparsing	
gnome-build-meta.bst-core-deps-python3-six.bst	python3-six	
gnome-build-meta.bst-core-deps-qemu.bst	qemu	
gnome-build-meta.bst-core-deps-rpcsvc-proto.bst	rpcsvc-proto	
gnome-build-meta.bst-core-deps-samba.bst	samba	
gnome-build-meta.bst-core-deps-setxkbmap.bst	setxkbmap	
gnome-build-meta.bst-core-deps-simdutf.bst	simdutf	
gnome-build-meta.bst-core-deps-slirp-helper.bst	slirp-helper	
gnome-build-meta.bst-core-deps-sofia-sip.bst	sofia-sip	
gnome-build-meta.bst-core-deps-speech-dispatcher.bst	speech-dispatcher	
gnome-build-meta.bst-core-deps-spice-gtk.bst	spice-gtk	
gnome-build-meta.bst-core-deps-spice-protocol.bst	spice-protocol	
gnome-build-meta.bst-core-deps-spice.bst	spice	
gnome-build-meta.bst-core-deps-startup-notification.bst	startup-notification	
gnome-build-meta.bst-core-deps-system-config-printer.bst	system-config-printer	
gnome-build-meta.bst-core-deps-systemd-base.bst	systemd-base	
gnome-build-meta.bst-core-deps-systemd-libs.bst	systemd-libs	
gnome-build-meta.bst-core-deps-systemd.bst	systemd	
gnome-build-meta.bst-core-deps-tcl.bst	tcl	
gnome-build-meta.bst-core-deps-template-glib.bst	template-glib	
gnome-build-meta.bst-core-deps-totem-pl-parser.bst	totem-pl-parser	
gnome-build-meta.bst-core-deps-udisks2.bst	udisks2	
gnome-build-meta.bst-core-deps-umockdev.bst	umockdev	
gnome-build-meta.bst-core-deps-upower.bst	upower	
gnome-build-meta.bst-core-deps-usbredir.bst	usbredir	
gnome-build-meta.bst-core-deps-virglrenderer.bst	virglrenderer	
gnome-build-meta.bst-core-deps-vte.bst	vte	
gnome-build-meta.bst-core-deps-xauth.bst	xauth	
gnome-build-meta.bst-core-deps-xdg-desktop-portal-base.bst	xdg-desktop-portal-base	
gnome-build-meta.bst-core-deps-xdg-desktop-portal-gnome.bst	xdg-desktop-portal-gnome	
gnome-build-meta.bst-core-deps-xdg-desktop-portal-gtk.bst	xdg-desktop-portal-gtk	
gnome-build-meta.bst-core-deps-xdg-desktop-portal.bst	xdg-desktop-portal	
gnome-build-meta.bst-core-deps-xdg-sound-theme.bst	xdg-sound-theme	
gnome-build-meta.bst-core-deps-xdg-user-dirs-gtk.bst	xdg-user-dirs-gtk	
gnome-build-meta.bst-core-deps-xorg-lib-xmu.bst	xorg-lib-xmu	
gnome-build-meta.bst-core-deps-xvfb.bst	xvfb	
gnome-build-meta.bst-core-gdm.bst	gdm	
gnome-build-meta.bst-core-gnome-backgrounds.bst	gnome-backgrounds	
gnome-build-meta.bst-core-gnome-bluetooth.bst	gnome-bluetooth	
gnome-build-meta.bst-core-gnome-boxes.bst	gnome-boxes	
gnome-build-meta.bst-core-gnome-builder.bst	gnome-builder	
gnome-build-meta.bst-core-gnome-color-manager.bst	gnome-color-manager	
gnome-build-meta.bst-core-gnome-control-center.bst	gnome-control-center	
gnome-build-meta.bst-core-gnome-desktop.bst	gnome-desktop	
gnome-build-meta.bst-core-gnome-disk-utility.bst	gnome-disk-utility	
gnome-build-meta.bst-core-gnome-initial-setup.bst	gnome-initial-setup	
gnome-build-meta.bst-core-gnome-menus.bst	gnome-menus	
gnome-build-meta.bst-core-gnome-remote-desktop.bst	gnome-remote-desktop	
gnome-build-meta.bst-core-gnome-session.bst	gnome-session	
gnome-build-meta.bst-core-gnome-settings-daemon.bst	gnome-settings-daemon	
gnome-build-meta.bst-core-gnome-shell.bst	gnome-shell	
gnome-build-meta.bst-core-gnome-tour.bst	gnome-tour	
gnome-build-meta.bst-core-gnome-user-docs.bst	gnome-user-docs	
gnome-build-meta.bst-core-gnome-user-share.bst	gnome-user-share	
gnome-build-meta.bst-core-gst-thumbnailers.bst	gst-thumbnailers	
gnome-build-meta.bst-core-gvfs-daemon.bst	gvfs-daemon	
gnome-build-meta.bst-core-manuals.bst	manuals	
gnome-build-meta.bst-core-meta-gnome-core-developer-tools.bst	meta-gnome-core-developer-tools	
gnome-build-meta.bst-core-meta-gnome-core-mobile.bst	meta-gnome-core-mobile	
gnome-build-meta.bst-core-meta-gnome-core-os-services.bst	meta-gnome-core-os-services	
gnome-build-meta.bst-core-meta-gnome-core-shell.bst	meta-gnome-core-shell	
gnome-build-meta.bst-core-mutter.bst	mutter	
gnome-build-meta.bst-core-nautilus.bst	nautilus	
gnome-build-meta.bst-core-orca.bst	orca	
gnome-build-meta.bst-core-papers.bst	papers	
gnome-build-meta.bst-core-rygel.bst	rygel	
gnome-build-meta.bst-core-sushi.bst	sushi	
gnome-build-meta.bst-core-sysprof-app.bst	sysprof-app	
gnome-build-meta.bst-core-systemd-presets.bst	systemd-presets	
gnome-build-meta.bst-core-tecla.bst	tecla	
gnome-build-meta.bst-core.bst	core	
gnome-build-meta.bst-gnomeos-deps-NetworkManager-openconnect.bst	NetworkManager-openconnect	
gnome-build-meta.bst-gnomeos-deps-NetworkManager-openvpn.bst	NetworkManager-openvpn	
gnome-build-meta.bst-gnomeos-deps-NetworkManager-vpnc.bst	NetworkManager-vpnc	
gnome-build-meta.bst-gnomeos-deps-alsa-ucm-conf.bst	alsa-ucm-conf	
gnome-build-meta.bst-gnomeos-deps-android-udev-rules.bst	android-udev-rules	
gnome-build-meta.bst-gnomeos-deps-anthy.bst	anthy	
gnome-build-meta.bst-gnomeos-deps-bindfs.bst	bindfs	
gnome-build-meta.bst-gnomeos-deps-bpftop.bst	bpftop	
gnome-build-meta.bst-gnomeos-deps-debuginfod-config.bst	debuginfod-config	
gnome-build-meta.bst-gnomeos-deps-deps-x86-64.bst	deps-x86_64	
gnome-build-meta.bst-gnomeos-deps-deps.bst	deps	
gnome-build-meta.bst-gnomeos-deps-disable-iscsi.bst	disable-iscsi	
gnome-build-meta.bst-gnomeos-deps-distrobox.bst	distrobox	
gnome-build-meta.bst-gnomeos-deps-fake-toolbox-env.bst	fake-toolbox-env	
gnome-build-meta.bst-gnomeos-deps-firewalld.bst	firewalld	
gnome-build-meta.bst-gnomeos-deps-fish.bst	fish	
gnome-build-meta.bst-gnomeos-deps-flathub-config.bst	flathub-config	
gnome-build-meta.bst-gnomeos-deps-fprintd.bst	fprintd	
gnome-build-meta.bst-gnomeos-deps-gnome-mimeapps.bst	gnome-mimeapps	
gnome-build-meta.bst-gnomeos-deps-hidraw-udev.bst	hidraw-udev	
gnome-build-meta.bst-gnomeos-deps-ibus-anthy.bst	ibus-anthy	
gnome-build-meta.bst-gnomeos-deps-ibus-hangul.bst	ibus-hangul	
gnome-build-meta.bst-gnomeos-deps-ibus-libpinyin.bst	ibus-libpinyin	
gnome-build-meta.bst-gnomeos-deps-ibus-typing-booster.bst	ibus-typing-booster	
gnome-build-meta.bst-gnomeos-deps-iio-sensor-proxy.bst	iio-sensor-proxy	
gnome-build-meta.bst-gnomeos-deps-intel-ucode.bst	intel-ucode	
gnome-build-meta.bst-gnomeos-deps-iucode-tool.bst	iucode-tool	
gnome-build-meta.bst-gnomeos-deps-journald-config.bst	journald-config	
gnome-build-meta.bst-gnomeos-deps-just.bst	just	
gnome-build-meta.bst-gnomeos-deps-kmscon.bst	kmscon	
gnome-build-meta.bst-gnomeos-deps-kyotocabinet.bst	kyotocabinet	
gnome-build-meta.bst-gnomeos-deps-ld-config.bst	ld-config	
gnome-build-meta.bst-gnomeos-deps-libfprint.bst	libfprint	
gnome-build-meta.bst-gnomeos-deps-libhangul.bst	libhangul	
gnome-build-meta.bst-gnomeos-deps-libpinyin.bst	libpinyin	
gnome-build-meta.bst-gnomeos-deps-libssc.bst	libssc	
gnome-build-meta.bst-gnomeos-deps-libtsm.bst	libtsm	
gnome-build-meta.bst-gnomeos-deps-m17n-db.bst	m17n-db	
gnome-build-meta.bst-gnomeos-deps-m17n-lib.bst	m17n-lib	
gnome-build-meta.bst-gnomeos-deps-microcode.bst	microcode	
gnome-build-meta.bst-gnomeos-deps-modprobe-config.bst	modprobe-config	
gnome-build-meta.bst-gnomeos-deps-mokutil.bst	mokutil	
gnome-build-meta.bst-gnomeos-deps-nano-default-editor.bst	nano-default-editor	
gnome-build-meta.bst-gnomeos-deps-nm-connectivity-config.bst	nm-connectivity-config	
gnome-build-meta.bst-gnomeos-deps-noise-suppression-for-voice.bst	noise-suppression-for-voice	
gnome-build-meta.bst-gnomeos-deps-noto-cjk.bst	noto-cjk	
gnome-build-meta.bst-gnomeos-deps-nss-mdns.bst	nss-mdns	
gnome-build-meta.bst-gnomeos-deps-nvme-cli.bst	nvme-cli	
gnome-build-meta.bst-gnomeos-deps-oo7-cli.bst	oo7-cli	
gnome-build-meta.bst-gnomeos-deps-openconnect.bst	openconnect	
gnome-build-meta.bst-gnomeos-deps-opensc.bst	opensc	
gnome-build-meta.bst-gnomeos-deps-openvpn.bst	openvpn	
gnome-build-meta.bst-gnomeos-deps-pam-pkcs11.bst	pam-pkcs11	
gnome-build-meta.bst-gnomeos-deps-pam-wrapper.bst	pam-wrapper	
gnome-build-meta.bst-gnomeos-deps-pcrlock-config.bst	pcrlock-config	
gnome-build-meta.bst-gnomeos-deps-preset-all.bst	preset-all	
gnome-build-meta.bst-gnomeos-deps-python3-zstd.bst	python3-zstd	
gnome-build-meta.bst-gnomeos-deps-snapd.bst	snapd	
gnome-build-meta.bst-gnomeos-deps-spice-vdagent.bst	spice-vdagent	
gnome-build-meta.bst-gnomeos-deps-switcheroo-control.bst	switcheroo-control	
gnome-build-meta.bst-gnomeos-deps-sysext-utils.bst	sysext-utils	
gnome-build-meta.bst-gnomeos-deps-sysupdate-config.bst	sysupdate-config	
gnome-build-meta.bst-gnomeos-deps-thermald.bst	thermald	
gnome-build-meta.bst-gnomeos-deps-toolbox.bst	toolbox	
gnome-build-meta.bst-gnomeos-deps-udev-hide-usr.bst	udev-hide-usr	
gnome-build-meta.bst-gnomeos-deps-uinput.bst	uinput	
gnome-build-meta.bst-gnomeos-deps-uresourced.bst	uresourced	
gnome-build-meta.bst-gnomeos-deps-vpnc-scripts.bst	vpnc-scripts	
gnome-build-meta.bst-gnomeos-deps-vpnc.bst	vpnc	
gnome-build-meta.bst-gnomeos-deps-vte-config.bst	vte-config	
gnome-build-meta.bst-gnomeos-deps-wl-clipboard.bst	wl-clipboard	
gnome-build-meta.bst-gnomeos-deps-words.bst	words	
gnome-build-meta.bst-gnomeos-deps-wpa-supplicant-config.bst	wpa-supplicant-config	
gnome-build-meta.bst-gnomeos-deps-wsdd.bst	wsdd	
gnome-build-meta.bst-gnomeos-deps-zram-generator.bst	zram-generator	
gnome-build-meta.bst-gnomeos-generate-initramfs.bst	generate-initramfs	
gnome-build-meta.bst-gnomeos-ldconfig-always.bst	ldconfig-always	
gnome-build-meta.bst-gnomeos-linux-module-cert.bst	linux-module-cert	
gnome-build-meta.bst-incubator-meta-gnome-incubator-apps.bst	meta-gnome-incubator-apps	
gnome-build-meta.bst-incubator-resources.bst	resources	
gnome-build-meta.bst-oci-initramfs-deps.bst	deps	
gnome-build-meta.bst-oci-initramfs-filesystem.bst	filesystem	
gnome-build-meta.bst-oci-initramfs-image.bst	image	
gnome-build-meta.bst-oci-initramfs-initial-scripts.bst	initial-scripts	
gnome-build-meta.bst-oci-integration-bootc-config.bst	bootc-config	
gnome-build-meta.bst-oci-integration-lvm2-enable-activation.bst	lvm2-enable-activation	
gnome-build-meta.bst-sdk-adwaita-fonts.bst	adwaita-fonts	
gnome-build-meta.bst-sdk-adwaita-icon-theme.bst	adwaita-icon-theme	
gnome-build-meta.bst-sdk-at-spi2-core.bst	at-spi2-core	
gnome-build-meta.bst-sdk-blueprint-compiler.bst	blueprint-compiler	
gnome-build-meta.bst-sdk-cairo.bst	cairo	
gnome-build-meta.bst-sdk-cantarell-fonts.bst	cantarell-fonts	
gnome-build-meta.bst-sdk-deps-glib-stage1.bst	glib-stage1	
gnome-build-meta.bst-sdk-deps-gobject-introspection-stage1.bst	gobject-introspection-stage1	
gnome-build-meta.bst-sdk-deps-gvfs-manifest.bst	gvfs-manifest	
gnome-build-meta.bst-sdk-deps-gvfs.bst	gvfs	
gnome-build-meta.bst-sdk-deps-ibus-manifest.bst	ibus-manifest	
gnome-build-meta.bst-sdk-deps-ibus.bst	ibus	
gnome-build-meta.bst-sdk-deps-libpanel.bst	libpanel	
gnome-build-meta.bst-sdk-deps-libsass.bst	libsass	
gnome-build-meta.bst-sdk-deps-sassc.bst	sassc	
gnome-build-meta.bst-sdk-deps-sysprof-manifest.bst	sysprof-manifest	
gnome-build-meta.bst-sdk-deps-sysprof.bst	sysprof	
gnome-build-meta.bst-sdk-deps-unifdef.bst	unifdef	
gnome-build-meta.bst-sdk-enchant-2.bst	enchant-2	
gnome-build-meta.bst-sdk-fcitx5-gtk.bst	fcitx5-gtk	
gnome-build-meta.bst-sdk-gcab.bst	gcab	
gnome-build-meta.bst-sdk-gcr.bst	gcr	
gnome-build-meta.bst-sdk-gdk-pixbuf.bst	gdk-pixbuf	
gnome-build-meta.bst-sdk-gi-docgen.bst	gi-docgen	
gnome-build-meta.bst-sdk-gjs.bst	gjs	
gnome-build-meta.bst-sdk-glib-networking.bst	glib-networking	
gnome-build-meta.bst-sdk-glib.bst	glib	
gnome-build-meta.bst-sdk-glycin.bst	glycin	
gnome-build-meta.bst-sdk-gobject-introspection.bst	gobject-introspection	
gnome-build-meta.bst-sdk-graphene.bst	graphene	
gnome-build-meta.bst-sdk-gsettings-desktop-schemas.bst	gsettings-desktop-schemas	
gnome-build-meta.bst-sdk-gssproxy.bst	gssproxy	
gnome-build-meta.bst-sdk-gst-plugin-gtk4.bst	gst-plugin-gtk4	
gnome-build-meta.bst-sdk-gtk--3.bst	gtk+-3	
gnome-build-meta.bst-sdk-gtk-doc.bst	gtk-doc	
gnome-build-meta.bst-sdk-gtk.bst	gtk	
gnome-build-meta.bst-sdk-gtksourceview.bst	gtksourceview	
gnome-build-meta.bst-sdk-gvfs-client.bst	gvfs-client	
gnome-build-meta.bst-sdk-json-glib.bst	json-glib	
gnome-build-meta.bst-sdk-krb5.bst	krb5	
gnome-build-meta.bst-sdk-libadwaita.bst	libadwaita	
gnome-build-meta.bst-sdk-libdex.bst	libdex	
gnome-build-meta.bst-sdk-libgee.bst	libgee	
gnome-build-meta.bst-sdk-libglycin-gtk4.bst	libglycin-gtk4	
gnome-build-meta.bst-sdk-libglycin.bst	libglycin	
gnome-build-meta.bst-sdk-libibus.bst	libibus	
gnome-build-meta.bst-sdk-libmanette-0.2.bst	libmanette-0.2	
gnome-build-meta.bst-sdk-libnotify.bst	libnotify	
gnome-build-meta.bst-sdk-libportal.bst	libportal	
gnome-build-meta.bst-sdk-librsvg.bst	librsvg	
gnome-build-meta.bst-sdk-libsecret.bst	libsecret	
gnome-build-meta.bst-sdk-libsoup.bst	libsoup	
gnome-build-meta.bst-sdk-ministream.bst	ministream	
gnome-build-meta.bst-sdk-mozjs.bst	mozjs	
gnome-build-meta.bst-sdk-nuspell.bst	nuspell	
gnome-build-meta.bst-sdk-pango.bst	pango	
gnome-build-meta.bst-sdk-pinentry.bst	pinentry	
gnome-build-meta.bst-sdk-platform.bst	sdk-platform	
gnome-build-meta.bst-sdk-pygobject.bst	pygobject	
gnome-build-meta.bst-sdk-sysprof-minimal.bst	sysprof-minimal	
gnome-build-meta.bst-sdk-tinysparql.bst	tinysparql	
gnome-build-meta.bst-sdk-vala.bst	vala	
gnome-build-meta.bst-sdk-webkit2gtk-4.1.bst	webkit2gtk-4.1	
gnome-build-meta.bst-sdk-webkitgtk-6.0.bst	webkitgtk-6.0	
gnome-build-meta.bst-sdk-woff2.bst	woff2	
gnome-build-meta.bst-sdk-yelp-tools.bst	yelp-tools	
gnome-build-meta.bst-sdk-yelp-xsl.bst	yelp-xsl	
gnome-build-meta.bst-sdk-yelp.bst	yelp	
gnome-build-meta.bst-void-zenity.bst	zenity	
gnomeos-deps-bootc.bst	bootc	
oci-bluefin.bst	bluefin	
oci-chunkah-bluefin.bst	bluefin	
oci-chunkah-brew-toolchain.bst	brew-toolchain	
oci-chunkah-metadata-tool.bst	chunkah-metadata-tool	
oci-layers-bluefin-init-scripts.bst	bluefin-init-scripts	
oci-layers-bluefin-stack.bst	bluefin-stack	
oci-layers-bluefin.bst	bluefin	
oci-layers-brew-toolchain-closure.bst	brew-toolchain-closure	
oci-layers-brew-toolchain.bst	brew-toolchain	
oci-os-release.bst	os-release	
