7zip	26.02-1.fc44
ImageMagick	7.1.2.27-1.fc44
ImageMagick-libs	7.1.2.27-1.fc44
LCEVCdec	4.2.0-1.fc44
LibRaw	0.22.2-1.fc44
ModemManager	1.24.2-3.fc44
ModemManager-glib	1.24.2-3.fc44
NetworkManager	1.56.1-2.fc44
NetworkManager-adsl	1.56.1-2.fc44
NetworkManager-bluetooth	1.56.1-2.fc44
NetworkManager-config-connectivity-fedora	1.56.1-2.fc44
NetworkManager-libnm	1.56.1-2.fc44
NetworkManager-openconnect	1.2.10-11.fc44
NetworkManager-openconnect-gnome	1.2.10-11.fc44
NetworkManager-openvpn	1.12.5-4.fc44
NetworkManager-openvpn-gnome	1.12.5-4.fc44
NetworkManager-ppp	1.56.1-2.fc44
NetworkManager-ssh	1.4.5-2.fc44
NetworkManager-ssh-gnome	1.4.5-2.fc44
NetworkManager-ssh-selinux	1.4.5-2.fc44
NetworkManager-vpnc	1.4.0-6.fc44
NetworkManager-vpnc-gnome	1.4.0-6.fc44
NetworkManager-wifi	1.56.1-2.fc44
NetworkManager-wwan	1.56.1-2.fc44
OpenCL-ICD-Loader	3.0.6-7.20250722gitad770a1.fc44
PackageKit-glib	1.3.6-1.fc44
SDL3	3.4.14-1.fc44
aardvark-dns	1.17.1-1.fc44
abattis-cantarell-fonts	0.301-17.fc44
abattis-cantarell-vf-fonts	0.301-17.fc44
abseil-cpp	20260107.1-1.fc44
accountsservice	23.13.9-16.fc44
accountsservice-libs	23.13.9-16.fc44
acl	2.4.0-1.fc44
adcli	0.9.3.1-5.fc44
adcli-selinux	0.9.3.1-5.fc44
adobe-mappings-cmap	20231115-5.fc44
adobe-mappings-cmap-deprecated	20231115-5.fc44
adobe-mappings-pdf	20190401-12.fc44
adobe-source-code-pro-fonts	2.042.1.062.1.026-9.fc44
adw-gtk3-theme	6.4-3.fc44
adwaita-cursor-theme	50.0-1.fc44
adwaita-fonts-all	50.0-1.fc44
adwaita-icon-theme	50.0-1.fc44
adwaita-icon-theme-legacy	46.2-7.fc44
adwaita-mono-fonts	50.0-1.fc44
adwaita-sans-fonts	50.0-1.fc44
alsa-firmware	1.2.4-17.fc44
alsa-lib	1.2.16.1-1.fc44
alsa-sof-firmware	2025.12.2-1.fc44
alsa-tools-firmware	1.2.15-4.fc44
alsa-ucm	1.2.16.1-1.fc44
alsa-utils	1.2.16-1.fc44
alternatives	1.33-5.fc44
amd-gpu-firmware	20260622-1.fc44
amd-ucode-firmware	20260622-1.fc44
anthy-unicode	1.0.0.20260213-1.fc44
antiword	0.37-44.fc44
appstream	1.1.3-1.fc44
appstream-data	44-4.fc44
apr	1.7.6-5.fc44
apr-util	1.6.3-27.fc44
apr-util-lmdb	1.6.3-27.fc44
apr-util-openssl	1.6.3-27.fc44
argyllcms	3.4.1-4.fc44
argyllcms-data	3.4.1-4.fc44
aribb24	1.0.3^20160216git5e9be27-5.fc44
at-spi2-atk	2.60.6-1.fc44
at-spi2-core	2.60.6-1.fc44
atheros-firmware	20260622-1.fc44
atk	2.60.6-1.fc44
attr	2.6.0-1.fc44
audit	4.2.1-1.fc44
audit-libs	4.2.1-1.fc44
audit-rules	4.2.1-1.fc44
authselect	1.7.1-1.fc44
authselect-libs	1.7.1-1.fc44
autofs	5.1.9-12.fc44
avahi	0.9~rc2-8.fc44
avahi-glib	0.9~rc2-8.fc44
avahi-gobject	0.9~rc2-8.fc44
avahi-libs	0.9~rc2-8.fc44
avahi-tools	0.9~rc2-8.fc44
b43-fwcutter	020-1.fc44
b43-openfwwf	5.2-48.fc44
bash	5.3.9-3.fc44
bash-color-prompt	0.7.1-3.fc44
bash-completion	2.17-2.fc44
bc	1.08.2-4.fc44
bcache-tools	1.1-16.fc44
bind-libs	9.18.50-1.fc44
bind-utils	9.18.50-1.fc44
binutils	2.46.1-1.fc44
bison	3.8.2-15.fc44
bluez	5.87-3.fc44
bluez-cups	5.87-3.fc44
bluez-libs	5.87-3.fc44
bluez-obexd	5.87-3.fc44
bolt	0.9.11-1.fc44
boost-atomic	1.90.0-7.fc44
boost-chrono	1.90.0-7.fc44
boost-container	1.90.0-7.fc44
boost-date-time	1.90.0-7.fc44
boost-filesystem	1.90.0-7.fc44
boost-program-options	1.90.0-7.fc44
boost-thread	1.90.0-7.fc44
bootc	1.16.7-1.fc44
bootupd	0.2.35-1.fc44
borgbackup	1.4.5-1.fc44
braille-printer-app	2.0~b0^386eea385f-11.fc44
brcmfmac-firmware	20260622-1.fc44
brlapi	0.8.7-8.fc44
brltty	6.8-8.fc44
btrfs-progs	7.0-1.fc44
bubblewrap	0.11.0-4.fc44
buildah	1.43.2-1.fc44
bzip2	1.0.8-23.fc44
bzip2-libs	1.0.8-23.fc44
c-ares	1.34.8-1.fc44
c2esp	2.7-37.fc44
ca-certificates	2025.2.80_v9.0.304-7.fc44
cairo	1.18.4-6.fc44
cairo-gobject	1.18.4-6.fc44
cairomm1.16	1.18.0-16.fc44
capstone	5.0.6-4.fc44
catatonit	0.2.1-5.fc44
cdparanoia-libs	10.2-50.fc44
checkpolicy	3.11-1.fc44
chrony	4.8-5.fc44
cifs-utils	7.6-2.fc44
cifs-utils-info	7.6-2.fc44
cirrus-audio-firmware	20260622-1.fc44
cjson	1.7.19-1.fc44
cldr-emoji-annotation	48.2-1.fc44
cldr-emoji-annotation-dtd	48.2-1.fc44
cmake-filesystem	4.3.0-1.fc44
codec2	1.2.0-9.fc44
color-filesystem	1-38.fc44
colord	1.4.8-4.fc44
colord-gtk4	0.3.1-6.fc44
colord-libs	1.4.8-4.fc44
composefs	1.0.8-5.fc44
composefs-libs	1.0.8-5.fc44
compsize	1.5^git20250123.d79eacf-15.fc44
conmon	2.2.1-2.fc44
container-selinux	2.250.0-1.fc44
containerd	2.3.5-1.fc44
containers-common	0.67.0-1.fc44
containers-common-extra	0.67.0-1.fc44
coreutils	9.10-5.fc44
coreutils-common	9.10-5.fc44
cpio	2.15-9.fc44
cpp	16.2.1-2.fc44
cracklib	2.10.3-1.fc44
cracklib-dicts	2.10.3-1.fc44
criu	4.2.1-1.fc44
criu-libs	4.2.1-1.fc44
crun	1.28-1.fc44
cryfs	0.11.3-15.fc44
crypto-policies	20251128-3.git19878fe.fc44
crypto-policies-scripts	20251128-3.git19878fe.fc44
cryptsetup	2.8.7-1.fc44
cryptsetup-libs	2.8.7-1.fc44
cups	2.4.19-3.fc44
cups-browsed	2.1.1-7.fc44
cups-client	2.4.19-3.fc44
cups-filesystem	2.4.19-3.fc44
cups-filters	2.0.1-14.fc44
cups-filters-driverless	2.0.1-14.fc44
cups-ipptool	2.4.19-3.fc44
cups-libs	2.4.19-3.fc44
cups-pk-helper	0.2.7-12.fc44
curl	8.18.0-8.fc44
cyrus-sasl-gssapi	2.1.28-35.fc44
cyrus-sasl-lib	2.1.28-35.fc44
cyrus-sasl-plain	2.1.28-35.fc44
davfs2	1.7.3-1.fc44
davs2-libs	1.7^20220903gitb41cf11-7.fc44
dbus	1.16.2-1.fc44
dbus-broker	37-8.fc44
dbus-common	1.16.2-1.fc44
dbus-daemon	1.16.2-1.fc44
dbus-libs	1.16.2-1.fc44
dbus-tools	1.16.2-1.fc44
dbus-x11	1.16.2-1.fc44
dconf	0.49.0-5.fc44
ddcutil	2.2.1-3.fc44
default-editor	8.7.1-2.fc44
default-fonts-am	4.3-1.fc44
default-fonts-ar	4.3-1.fc44
default-fonts-as	4.3-1.fc44
default-fonts-ast	4.3-1.fc44
default-fonts-be	4.3-1.fc44
default-fonts-bg	4.3-1.fc44
default-fonts-bn	4.3-1.fc44
default-fonts-bo	4.3-1.fc44
default-fonts-br	4.3-1.fc44
default-fonts-chr	4.3-1.fc44
default-fonts-cjk-mono	4.3-1.fc44
default-fonts-cjk-serif	4.3-1.fc44
default-fonts-core-emoji	4.3-1.fc44
default-fonts-core-math	4.3-1.fc44
default-fonts-core-mono	4.3-1.fc44
default-fonts-core-sans	4.3-1.fc44
default-fonts-core-serif	4.3-1.fc44
default-fonts-dv	4.3-1.fc44
default-fonts-dz	4.3-1.fc44
default-fonts-el	4.3-1.fc44
default-fonts-eo	4.3-1.fc44
default-fonts-eu	4.3-1.fc44
default-fonts-fa	4.3-1.fc44
default-fonts-got	4.3-1.fc44
default-fonts-gu	4.3-1.fc44
default-fonts-he	4.3-1.fc44
default-fonts-hi	4.3-1.fc44
default-fonts-hy	4.3-1.fc44
default-fonts-ia	4.3-1.fc44
default-fonts-ii	4.3-1.fc44
default-fonts-iu	4.3-1.fc44
default-fonts-ka	4.3-1.fc44
default-fonts-kab	4.3-1.fc44
default-fonts-km	4.3-1.fc44
default-fonts-kn	4.3-1.fc44
default-fonts-ku	4.3-1.fc44
default-fonts-lo	4.3-1.fc44
default-fonts-mai	4.3-1.fc44
default-fonts-ml	4.3-1.fc44
default-fonts-mni	4.3-1.fc44
default-fonts-mr	4.3-1.fc44
default-fonts-my	4.3-1.fc44
default-fonts-nb	4.3-1.fc44
default-fonts-ne	4.3-1.fc44
default-fonts-nn	4.3-1.fc44
default-fonts-nqo	4.3-1.fc44
default-fonts-nr	4.3-1.fc44
default-fonts-nso	4.3-1.fc44
default-fonts-or	4.3-1.fc44
default-fonts-other-mono	4.3-1.fc44
default-fonts-other-sans	4.3-1.fc44
default-fonts-other-serif	4.3-1.fc44
default-fonts-pa	4.3-1.fc44
default-fonts-ru	4.3-1.fc44
default-fonts-sat	4.3-1.fc44
default-fonts-si	4.3-1.fc44
default-fonts-ss	4.3-1.fc44
default-fonts-syr	4.3-1.fc44
default-fonts-ta	4.3-1.fc44
default-fonts-te	4.3-1.fc44
default-fonts-th	4.3-1.fc44
default-fonts-tn	4.3-1.fc44
default-fonts-ts	4.3-1.fc44
default-fonts-uk	4.3-1.fc44
default-fonts-ur	4.3-1.fc44
default-fonts-ve	4.3-1.fc44
default-fonts-vi	4.3-1.fc44
default-fonts-xh	4.3-1.fc44
default-fonts-yi	4.3-1.fc44
default-fonts-zu	4.3-1.fc44
desktop-backgrounds-gnome	44.0.0-2.fc44
desktop-file-utils	0.28-5.fc44
device-mapper	1.02.212-2.fc44
device-mapper-event	1.02.212-2.fc44
device-mapper-event-libs	1.02.212-2.fc44
device-mapper-libs	1.02.212-2.fc44
device-mapper-persistent-data	1.3.3-1.fc44
diffutils	3.12-5.fc44
distribution-gpg-keys	1.120-1.fc44
distrobox	1.8.2.5-1.fc44
djvulibre-libs	3.5.30-1.fc44
dmidecode	3.7-1.fc44
dnf5	5.4.2.1-1.fc44
dnf5-plugins	5.4.2.1-1.fc44
dnf5daemon-server	5.4.2.1-1.fc44
dnf5daemon-server-polkit	5.4.2.1-1.fc44
dns-root-data	2026260100-2.fc44
dnsmasq	2.92rel2-9.fc44
dosfstools	4.2-18.fc44
dotconf	1.4.1-7.fc44
double-conversion	3.4.0-3.fc44
dracut	108-7.fc44
duktape	2.7.0-11.fc44
dymo-cups-drivers	1.4.0.5-25.fc44
e2fsprogs	1.47.3-4.fc44
e2fsprogs-libs	1.47.3-4.fc44
efi-filesystem	6-6.fc44
efibootmgr	18-11.fc44
efivar-libs	39-12.fc44
elfutils-debuginfod-client	0.196-1.fc44
elfutils-default-yama-scope	0.195-1.fc44
elfutils-libelf	0.196-1.fc44
elfutils-libelf-devel	0.196-1.fc44
elfutils-libs	0.196-1.fc44
emacs-filesystem	30.2-2.fc44
enchant2	2.8.19-2.fc44
epiphany-runtime	50.4-1.fc44
espeak-ng	1.52.0-3.fc44
ethtool	7.1-1.fc44
evolution-data-server	3.60.2-1.fc44
evolution-data-server-langpacks	3.60.2-1.fc44
evolution-ews-core	3.60.2-1.fc44
evolution-ews-langpacks	3.60.2-1.fc44
evtest	1.36-2.fc44
exempi	2.6.4-9.fc44
exfatprogs	1.4.2-2.fc44
exiv2	0.28.6-3.fc44
exiv2-libs	0.28.6-3.fc44
expat	2.8.1-1.fc44
f2fs-tools	1.16.0-10.fc44
f44-backgrounds-base	44.0.0-1.fc44
f44-backgrounds-gnome	44.0.0-1.fc44
faad2-libs	2.11.2-6.fc44
fastfetch	2.68.1-1.fc44
fedora-gpg-keys	44-1
fedora-logos-httpd	42.0.1-3.fc44
fedora-release-common	44-18
fedora-release-identity-silverblue	44-18
fedora-release-ostree-desktop	44-18
fedora-release-silverblue	44-18
fedora-repos	44-1
fedora-repos-archive	44-1
fedora-workstation-backgrounds	1.6-9.fc44
ffmpeg	8.1.2-1.fc44
ffmpeg-libs	8.1.2-1.fc44
ffmpegthumbnailer	2.3.0-2.fc44
ffmpegthumbnailer-libs	2.3.0-2.fc44
fftw-libs-double	3.3.10-17.fc44
fftw-libs-single	3.3.10-17.fc44
file	5.46-10.fc44
file-libs	5.46-10.fc44
filesystem	3.18-52.fc44
findutils	4.10.0-7.fc44
firewall-config	2.4.4-1.fc44
firewalld	2.4.4-1.fc44
firewalld-filesystem	2.4.4-1.fc44
fish	4.6.0-1.fc44
flac-libs	1.5.0-8.fc44
flatpak	1.18.0-1.fc44
flatpak-libs	1.18.0-1.fc44
flatpak-selinux	1.18.0-1.fc44
flatpak-session-helper	1.18.0-1.fc44
flatpak-spawn	1.0.6-4.fc44
flex	2.6.4-24.fc44
flite	2.2-13.fc44
fmt	11.2.0-4.fc44
fontconfig	2.17.0-4.fc44
fonts-filesystem	5.0.0-2.fc44
foo2zjs	0.20201003-29.fc44
foomatic-db-filesystem	4.0-83.20230810.fc44
fpaste	0.5.0.0-4.fc44
fprintd	1.94.5-5.fc44
fprintd-pam	1.94.5-5.fc44
freeglut	3.8.0-2.fc44
freerdp-libs	3.30.0-1.fc44
freetype	2.14.3-1.fc44
fribidi	1.0.16-4.fc44
fstrm	0.6.1-14.fc44
fuse	2.9.9-25.fc44
fuse-common	3.18.2-1.fc44
fuse-encfs	1.9.5-28.fc44
fuse-libs	2.9.9-25.fc44
fuse-overlayfs	1.17-1.fc44
fuse3	3.18.2-1.fc44
fuse3-libs	3.18.2-1.fc44
fwupd	2.1.7-1.fc44
fwupd-efi	1.8-1.fc44
fwupd-plugin-modem-manager	2.1.7-1.fc44
fwupd-plugin-uefi-capsule-data	2.1.7-1.fc44
fxload	2008_10_13-34.fc44
fzf	0.74.4-1.fc44
game-music-emu	0.6.4-3.fc44
gamemode	1.8.2-4.fc44
gawk	5.3.2-3.fc44
gawk-all-langpacks	5.3.2-3.fc44
gcc	16.2.1-2.fc44
gcc-c++	16.2.1-2.fc44
gcr	4.4.0.1-7.fc44
gcr-libs	4.4.0.1-7.fc44
gcr3	3.41.1-12.fc44
gcr3-base	3.41.1-12.fc44
gd	2.3.3-21.fc44
gdbm	1.23-11.fc44
gdbm-libs	1.23-11.fc44
gdk-pixbuf2	2.44.4-2.fc44
gdm	50.1-1.fc44
gdouros-symbola-fonts	10.24-19.fc44
generic-logos	18.0.0-27.fc44
geoclue2	2.8.2-1.fc44
geoclue2-libs	2.8.2-1.fc44
geocode-glib	3.26.4-15.fc44
gettext	0.26-5.fc44
gettext-envsubst	0.26-5.fc44
gettext-libs	0.26-5.fc44
gettext-runtime	0.26-5.fc44
ghostscript	10.06.0-2.fc44
ghostscript-tools-fontutils	10.06.0-2.fc44
ghostscript-tools-printing	10.06.0-2.fc44
giflib	6.1.3-2.fc44
git	2.55.0-1.fc44
git-core	2.55.0-1.fc44
git-core-doc	2.55.0-1.fc44
git-credential-libsecret	2.55.0-1.fc44
gjs	1.88.1-2.fc44
glib-networking	2.80.1-4.fc44
glib2	2.88.3-1.fc44
glibc	2.43-8.fc44
glibc-all-langpacks	2.43-8.fc44
glibc-common	2.43-8.fc44
glibc-devel	2.43-8.fc44
glibc-gconv-extra	2.43-8.fc44
glibmm2.68	2.88.1-1.fc44
glow	2.1.2-1.fc44
glx-utils	9.0.0-11.fc44
glycin-gtk4-libs	2.1.5-1.fc44
glycin-libs	2.1.5-1.fc44
glycin-loaders	2.1.5-1.fc44
glycin-thumbnailer	2.1.5-1.fc44
gmp	6.3.0-5.fc44
gnome-app-list	3.0-4.fc44
gnome-autoar	0.4.5-4.fc44
gnome-backgrounds	50.0-1.fc44
gnome-bluetooth	47.2-1.fc44
gnome-bluetooth-libs	47.2-1.fc44
gnome-browser-connector	42.1-14.fc44
gnome-classic-session	50.2-1.fc44
gnome-color-manager	3.36.2-3.fc44
gnome-control-center	50.4-1.fc44
gnome-control-center-filesystem	50.4-1.fc44
gnome-desktop3	44.5-1.fc44
gnome-desktop4	44.5-1.fc44
gnome-disk-utility	46.1-4.fc44
gnome-epub-thumbnailer	1.8-4.fc44
gnome-initial-setup	50.0-5.fc44
gnome-keyring	50.0-1.fc44
gnome-keyring-pam	50.0-1.fc44
gnome-menus	3.38.1-2.fc44
gnome-online-accounts	3.58.1-1.fc44
gnome-online-accounts-libs	3.58.1-1.fc44
gnome-remote-desktop	50.2-1.fc44
gnome-rounded-blur	1.0.1-1.fc44
gnome-session	50.1-1.fc44
gnome-session-wayland-session	50.1-1.fc44
gnome-settings-daemon	50.1-1.fc44
gnome-shell	50.3-1.fc44
gnome-shell-common	50.3-1.fc44
gnome-shell-extension-apps-menu	50.2-1.fc44
gnome-shell-extension-blur-my-shell	72-1.fc44
gnome-shell-extension-common	50.2-1.fc44
gnome-shell-extension-gsconnect	72-1.fc44
gnome-shell-extension-launch-new-instance	50.2-1.fc44
gnome-shell-extension-places-menu	50.2-1.fc44
gnome-shell-extension-window-list	50.2-1.fc44
gnome-system-monitor	50.0-1.fc44
gnome-tour	50.0-2.fc44
gnome-tweaks	49.0-2.fc44
gnome-user-docs	50.4-1.fc44
gnome-user-share	48.3-1.fc44
gnulib-l10n	20241231-2.fc44
gnupg2	2.4.9-16.fc44
gnupg2-dirmngr	2.4.9-16.fc44
gnupg2-gpg-agent	2.4.9-16.fc44
gnupg2-gpgconf	2.4.9-16.fc44
gnupg2-keyboxd	2.4.9-16.fc44
gnupg2-scdaemon	2.4.9-16.fc44
gnupg2-verify	2.4.9-16.fc44
gnutls	3.8.13-1.fc44
gnutls-dane	3.8.13-1.fc44
gobject-introspection	1.86.0-3.fc44
google-droid-sans-fonts	20200215-24.fc44
google-noto-color-emoji-fonts	20250623-4.fc44
google-noto-emoji-fonts	20250623-4.fc44
google-noto-fonts-common	20251201-2.fc44
google-noto-naskh-arabic-vf-fonts	20251201-2.fc44
google-noto-sans-arabic-vf-fonts	20251201-2.fc44
google-noto-sans-armenian-vf-fonts	20251201-2.fc44
google-noto-sans-balinese-fonts	20251201-2.fc44
google-noto-sans-bengali-vf-fonts	20251201-2.fc44
google-noto-sans-canadian-aboriginal-vf-fonts	20251201-2.fc44
google-noto-sans-cherokee-vf-fonts	20251201-2.fc44
google-noto-sans-cjk-fonts	2.004-11.fc44
google-noto-sans-devanagari-vf-fonts	20251201-2.fc44
google-noto-sans-ethiopic-vf-fonts	20251201-2.fc44
google-noto-sans-georgian-vf-fonts	20251201-2.fc44
google-noto-sans-gothic-fonts	20251201-2.fc44
google-noto-sans-gujarati-vf-fonts	20251201-2.fc44
google-noto-sans-gurmukhi-vf-fonts	20251201-2.fc44
google-noto-sans-hebrew-vf-fonts	20251201-2.fc44
google-noto-sans-javanese-fonts	20251201-2.fc44
google-noto-sans-kannada-vf-fonts	20251201-2.fc44
google-noto-sans-khmer-vf-fonts	20251201-2.fc44
google-noto-sans-lao-vf-fonts	20251201-2.fc44
google-noto-sans-math-fonts	20251201-2.fc44
google-noto-sans-meetei-mayek-vf-fonts	20251201-2.fc44
google-noto-sans-mono-cjk-vf-fonts	2.004-11.fc44
google-noto-sans-mono-vf-fonts	20251201-2.fc44
google-noto-sans-nko-fonts	20251201-2.fc44
google-noto-sans-ol-chiki-vf-fonts	20251201-2.fc44
google-noto-sans-oriya-vf-fonts	20251201-2.fc44
google-noto-sans-sinhala-vf-fonts	20251201-2.fc44
google-noto-sans-sundanese-fonts	20251201-2.fc44
google-noto-sans-symbols-2-fonts	20251201-2.fc44
google-noto-sans-symbols-vf-fonts	20251201-2.fc44
google-noto-sans-syriac-vf-fonts	20251201-2.fc44
google-noto-sans-tamil-vf-fonts	20251201-2.fc44
google-noto-sans-telugu-vf-fonts	20251201-2.fc44
google-noto-sans-thaana-vf-fonts	20251201-2.fc44
google-noto-sans-thai-vf-fonts	20251201-2.fc44
google-noto-sans-vf-fonts	20251201-2.fc44
google-noto-sans-yi-fonts	20251201-2.fc44
google-noto-serif-armenian-vf-fonts	20251201-2.fc44
google-noto-serif-bengali-vf-fonts	20251201-2.fc44
google-noto-serif-cjk-vf-fonts	2.003-4.fc44
google-noto-serif-devanagari-vf-fonts	20251201-2.fc44
google-noto-serif-ethiopic-vf-fonts	20251201-2.fc44
google-noto-serif-georgian-vf-fonts	20251201-2.fc44
google-noto-serif-gujarati-vf-fonts	20251201-2.fc44
google-noto-serif-gurmukhi-vf-fonts	20251201-2.fc44
google-noto-serif-hebrew-vf-fonts	20251201-2.fc44
google-noto-serif-kannada-vf-fonts	20251201-2.fc44
google-noto-serif-khmer-vf-fonts	20251201-2.fc44
google-noto-serif-lao-vf-fonts	20251201-2.fc44
google-noto-serif-oriya-vf-fonts	20251201-2.fc44
google-noto-serif-sinhala-vf-fonts	20251201-2.fc44
google-noto-serif-tamil-vf-fonts	20251201-2.fc44
google-noto-serif-telugu-vf-fonts	20251201-2.fc44
google-noto-serif-thai-vf-fonts	20251201-2.fc44
google-noto-serif-vf-fonts	20251201-2.fc44
gpg-pubkey	0c5d0f470484ae2fc40a9b6597f3008993e8909b-66d42b2c
gpg-pubkey	2596a99eaab33821893c0a79458ca832957f5868-5e5499b8
gpg-pubkey	36f612dcf27f7d1a48a835e4dbfcf71c6d9f90a6-6786af3b
gpg-pubkey	ab4670779555943799be7ed916bc8535a444a78a-67ba9c6e
gpg-pubkey	e9a491a3de247814e7e067eae06f8ecdd651ff2e-5dadbbc1
gpg-pubkey	ea77065a73609f55594296a87f576a671c010b19-64d4b281
gpgme	2.0.1-5.fc44
gpgmepp	2.0.1-5.fc44
gpm-libs	1.20.7-53.fc44
graphene	1.10.8-4.fc44
graphite2	1.3.14-20.fc44
graphviz-libs	14.1.4-2.fc44
grep	3.12-3.fc44
groff-base	1.23.0-12.fc44
grub2-common	2.12-60.fc44
grub2-efi-ia32	2.12-60.fc44
grub2-efi-x64	2.12-60.fc44
grub2-pc	2.12-60.fc44
grub2-pc-modules	2.12-60.fc44
grub2-tools	2.12-60.fc44
grub2-tools-extra	2.12-60.fc44
grub2-tools-minimal	2.12-60.fc44
gsettings-desktop-schemas	50.1-1.fc44
gsl	2.8-3.fc44
gsm	1.0.24-2.fc44
gsound	1.0.3-12.fc44
gssdp	1.6.6-1.fc44
gssproxy	0.9.2-10.fc44
gst-editing-services	1.28.5-1.fc44
gst-thumbnailers	1.0.0-1.fc44
gstreamer1	1.28.5-1.fc44
gstreamer1-plugin-dav1d	0.15.0-1.fc44
gstreamer1-plugin-libav	1.28.5-1.fc44
gstreamer1-plugins-bad-free	1.28.5-1.fc44
gstreamer1-plugins-bad-free-libs	1.28.5-1.fc44
gstreamer1-plugins-base	1.28.5-1.fc44
gstreamer1-plugins-good	1.28.5-1.fc44
gstreamer1-plugins-good-qt	1.28.5-1.fc44
gstreamer1-plugins-good-qt6	1.28.5-1.fc44
gstreamer1-plugins-ugly-free	1.28.5-1.fc44
gtk-update-icon-cache	3.24.52-2.fc44
gtk2	2.24.33-25.fc44
gtk3	3.24.52-2.fc44
gtk4	4.22.4-1.fc44
gtkmm4.0	4.22.0-1.fc44
gtksourceview4	4.8.4-11.fc44
gtksourceview5	5.20.0-1.fc44
gum	0.17.0-3.fc44
gupnp	1.6.10-1.fc44
gupnp-av	0.14.5-1.fc44
gupnp-dlna	0.12.0-12.fc44
gupnp-igd	1.6.0-8.fc44
gutenprint	5.3.5-7.fc44
gutenprint-cups	5.3.5-7.fc44
gutenprint-libs	5.3.5-7.fc44
gvfs	1.60.2-1.fc44
gvfs-afc	1.60.2-1.fc44
gvfs-afp	1.60.2-1.fc44
gvfs-archive	1.60.2-1.fc44
gvfs-client	1.60.2-1.fc44
gvfs-fuse	1.60.2-1.fc44
gvfs-goa	1.60.2-1.fc44
gvfs-gphoto2	1.60.2-1.fc44
gvfs-mtp	1.60.2-1.fc44
gvfs-nfs	1.60.2-1.fc44
gvfs-smb	1.60.2-1.fc44
gweather-locations	2026.2-1.fc44
gweather-locations-common	2026.2-1.fc44
gzip	1.14-2.fc44
harfbuzz	14.1.0-2.fc44
harfbuzz-icu	14.1.0-2.fc44
hdparm	9.65-10.fc44
hfsplus-tools	540.1.linux3-36.fc44
hicolor-icon-theme	0.18-3.fc44
hidapi	0.15.0-3.fc44
highway	1.3.0-2.fc44
hiredis	1.2.0-8.fc44
hostname	3.25-4.fc44
hplip	3.26.4-7.fc44
hplip-common	3.26.4-7.fc44
hplip-libs	3.26.4-7.fc44
htop	3.4.1-3.fc44
httpd	2.4.68-1.fc44
httpd-core	2.4.68-1.fc44
httpd-filesystem	2.4.68-1.fc44
httpd-tools	2.4.68-1.fc44
hunspell	1.7.3-1.fc44
hunspell-en	0.20260225-2.fc44
hunspell-en-AU	0.20260225-2.fc44
hunspell-en-CA	0.20260225-2.fc44
hunspell-en-GB	0.20260225-2.fc44
hunspell-en-US	0.20260225-2.fc44
hunspell-filesystem	1.7.3-1.fc44
hwdata	0.410-1.fc44
hwloc-libs	2.14.0-1.fc44
hyperv-daemons	6.10-3.fc44
hyperv-daemons-license	6.10-3.fc44
hypervfcopyd	6.10-3.fc44
hypervkvpd	6.10-3.fc44
hypervvssd	6.10-3.fc44
hyphen	2.8.8-28.fc44
i2c-tools	4.4-4.fc44
ibus	1.5.34-4.fc44
ibus-anthy	1.5.18-2.fc44
ibus-anthy-python	1.5.18-2.fc44
ibus-chewing	2.1.7-2.fc44
ibus-gtk2	1.5.34-4.fc44
ibus-gtk3	1.5.34-4.fc44
ibus-gtk4	1.5.34-4.fc44
ibus-hangul	1.5.5-12.fc44
ibus-libpinyin	1.16.5-3.fc44
ibus-libs	1.5.34-4.fc44
ibus-m17n	1.4.39-1.fc44
ibus-mozc	2.29.5111.102-18.fc44
ibus-setup	1.5.34-4.fc44
ibus-typing-booster	2.30.11-1.fc44
ibus-unikey	0.7.0~beta1-7.fc44
ifuse	1.2.1-4.fc44
igt-gpu-tools	2.4-1.fc44
iio-sensor-proxy	3.8-2.fc44
ilbc	3.0.4-19.fc44
ima-evm-utils-libs	1.6.2-8.fc44
imath	3.1.12-6.fc44
inih	62-2.fc44
inih-cpp	62-2.fc44
initscripts-service	10.27-2.fc44
input-remapper	2.2.1-1.fc44
intel-audio-firmware	20260622-1.fc44
intel-gmmlib	22.10.0-1.fc44
intel-gpu-firmware	20260622-1.fc44
intel-lpmd	0.1.0-2.fc44
intel-mediasdk	23.2.2-2.fc44
intel-vaapi-driver	2.4.1-8.fc44
intel-vpl-gpu-rt	26.1.6-1.fc44
intel-vsc-firmware	20260622-1.fc44
ipp-usb	0.9.34-2.fc44
iproute	6.17.0-2.fc44
ipset	7.24-3.fc44
ipset-libs	7.24-3.fc44
iptables-libs	1.8.11-13.fc44
iptables-nft	1.8.11-13.fc44
iptstate	2.3.0-1.fc44
iputils	20250605-2.fc44
iso-codes	4.20.1-3.fc44
iw	6.17-2.fc44
iwd	3.12-1.fc44
iwlegacy-firmware	20260622-1.fc44
iwlwifi-dvm-firmware	20260622-1.fc44
iwlwifi-mld-firmware	20260622-1.fc44
iwlwifi-mvm-firmware	20260622-1.fc44
jansson	2.14-4.fc44
javascriptcoregtk4.1	2.52.5-1.fc44
javascriptcoregtk6.0	2.52.5-1.fc44
jbig2dec-libs	0.20-8.fc44
jbigkit-libs	2.1-33.fc44
jetbrains-mono-fonts	2.304-10.fc44
jetbrains-mono-fonts-all	2.304-10.fc44
jetbrains-mono-nl-fonts	2.304-10.fc44
jomolhari-fonts	0.003-45.fc44
jq	1.8.1-3.fc44
json-c	0.18-8.fc44
json-glib	1.10.8-5.fc44
julietaula-montserrat-fonts	9.000-4.fc44
just	1.57.0-1.fc44
kasumi-common	2.5-50.fc44
kasumi-unicode	2.5-50.fc44
kbd	2.9.0-3.fc44
kbd-legacy	2.9.0-3.fc44
kbd-misc	2.9.0-3.fc44
kde-filesystem	5-7.fc44
kernel	7.1.10-200.fc44
kernel-core	7.1.10-200.fc44
kernel-devel-matched	7.1.10-200.fc44
kernel-headers	7.2.4-200.fc44
kernel-modules	7.1.10-200.fc44
kernel-modules-core	7.1.10-200.fc44
kernel-modules-extra	7.1.10-200.fc44
kernel-tools	7.1.6-201.fc44
kernel-tools-libs	7.1.6-201.fc44
keyutils	1.6.3-7.fc44
keyutils-libs	1.6.3-7.fc44
kf6-filesystem	6.28.0-1.fc44
kf6-karchive	6.28.0-1.fc44
kf6-kimageformats	6.28.1-1.fc44
kmod	34.2-4.fc44
kmod-libs	34.2-4.fc44
kmod-v4l2loopback	0.15.4-1.fc44
kmod-zfs	2.4.4-1.fc44
kpartx	0.13.1-1.fc44
krb5-libs	1.22.2-4.fc44
krb5-pkinit	1.22.2-4.fc44
krb5-workstation	1.22.2-4.fc44
kvazaar-libs	2.3.2-1.fc44
kyotocabinet-libs	1.2.80-9.fc44
lame-libs	3.100-21.fc44
langpacks-core-en	4.3-1.fc44
langpacks-en	4.3-1.fc44
langpacks-fonts-en	4.3-1.fc44
langtable	0.0.71-1.fc44
lcms	1.19-43.fc44
lcms-libs	1.19-43.fc44
lcms2	2.16-7.fc44
leptonica	1.87.0-4.fc44
less	704-2.fc44
libICE	1.1.2-4.fc44
libSM	1.2.5-4.fc44
libX11	1.8.13-1.fc44
libX11-common	1.8.13-1.fc44
libX11-xcb	1.8.13-1.fc44
libXScrnSaver	1.2.4-7.fc44
libXau	1.0.12-4.fc44
libXcomposite	0.4.6-7.fc44
libXcursor	1.2.3-4.fc44
libXdamage	1.1.6-7.fc44
libXdmcp	1.1.5-5.fc44
libXext	1.3.6-5.fc44
libXfixes	6.0.1-7.fc44
libXfont2	2.0.9-1.fc44
libXft	2.3.8-10.fc44
libXi	1.8.3-1.fc44
libXinerama	1.1.5-10.fc44
libXmu	1.2.1-5.fc44
libXpm	3.5.17-7.fc44
libXrandr	1.5.4-7.fc44
libXrender	0.9.12-4.fc44
libXres	1.2.2-7.fc44
libXt	1.3.1-4.fc44
libXtst	1.2.5-4.fc44
libXv	1.0.13-4.fc44
libXxf86vm	1.1.6-4.fc44
liba52	0.7.4-53.fc44
libacl	2.4.0-1.fc44
libadwaita	1.9.3-1.fc44
libaio	0.3.111-23.fc44
libao	1.2.0-31.fc44
libaom	3.13.3-1.fc44
libappindicator-gtk3	12.10.1-10.fc44
libarchive	3.8.7-1.fc44
libaribcaption	1.1.1-4.fc44
libass	0.17.4-2.fc44
libassuan	2.5.7-5.fc44
libasyncns	0.8-34.fc44
libatasmart	0.19-32.fc44
libatomic	16.2.1-2.fc44
libattr	2.6.0-1.fc44
libavc1394	0.5.4-27.fc44
libavcodec	8.1.2-1.fc44
libavdevice	8.1.2-1.fc44
libavfilter	8.1.2-1.fc44
libavformat	8.1.2-1.fc44
libavif	1.3.0-4.fc44
libavutil	8.1.2-1.fc44
libayatana-appindicator-gtk3	0.5.94-5.fc44
libayatana-ido-gtk3	0.10.4-7.fc44
libayatana-indicator-gtk3	0.9.4-10.fc44
libb2	0.98.1-15.fc44
libbabeltrace	1.5.11-17.fc44
libbasicobjects	0.1.1-61.fc44
libblkid	2.41.5-1.fc44
libblockdev	3.5.0-1.fc44
libblockdev-crypto	3.5.0-1.fc44
libblockdev-fs	3.5.0-1.fc44
libblockdev-loop	3.5.0-1.fc44
libblockdev-mdraid	3.5.0-1.fc44
libblockdev-nvme	3.5.0-1.fc44
libblockdev-part	3.5.0-1.fc44
libblockdev-smart	3.5.0-1.fc44
libblockdev-swap	3.5.0-1.fc44
libblockdev-utils	3.5.0-1.fc44
libbluray	1.4.0-3.fc44
libbpf	1.6.3-2.fc44
libbrotli	1.2.0-3.fc44
libbs2b	3.1.0-37.fc44
libbsd	0.12.2-7.fc44
libbytesize	2.12-2.fc44
libcaca	0.99-0.82.beta20.fc44
libcamera	0.7.1-1.fc44
libcamera-gstreamer	0.7.1-1.fc44
libcamera-ipa	0.7.1-1.fc44
libcamera-tools	0.7.1-1.fc44
libcanberra	0.30-39.fc44
libcanberra-gtk2	0.30-39.fc44
libcanberra-gtk3	0.30-39.fc44
libcap	2.78-1.fc44
libcap-ng	0.9.3-1.fc44
libcap-ng-python3	0.9.3-1.fc44
libcbor	0.13.0-2.fc44
libcdio	2.3.0-1.fc44
libcdio-paranoia	10.2+2.0.2-6.fc44
libchewing	0.13.1-1.fc44
libchromaprint	1.6.0-4.fc44
libcloudproviders	0.4.0-1.fc44
libcollection	0.7.0-61.fc44
libcom_err	1.47.3-4.fc44
libcue	2.3.0-14.fc44
libcupsfilters	2.1.1-7.fc44
libcurl-minimal	8.18.0-8.fc44
libdaemon	0.14-33.fc44
libdatrie	0.2.14-2.fc44
libdav1d	1.5.3-1.fc44
libdbusmenu	16.04.0-31.fc44
libdbusmenu-gtk3	16.04.0-31.fc44
libdc1394	2.2.7-9.fc44
libde265	1.1.1-1.fc44
libdecor	0.2.5-2.fc44
libdeflate	1.25-3.fc44
libdhash	0.5.0-61.fc44
libdisplay-info	0.3.0-1.fc44
libdnf5	5.4.2.1-1.fc44
libdnf5-cli	5.4.2.1-1.fc44
libdnf5-plugin-appstream	5.4.2.1-1.fc44
libdnf5-plugin-expired-pgp-keys	5.4.2.1-1.fc44
libdovi	3.3.2-3.fc44
libdrm	2.4.134-1.fc44
libdvdnav	7.0.0-1.fc44
libdvdread	7.0.1-1.fc44
libebur128	1.2.6-15.fc44
libeconf	0.7.9-3.fc44
libedit	3.1-59.20260512cvs.fc44
libei	1.5.0-2.fc44
libeis	1.5.0-2.fc44
libell	0.83-1.fc44
libepoxy	1.5.10-12.fc44
liberation-mono-fonts	2.1.5-15.fc44
liberation-sans-fonts	2.1.5-15.fc44
liberation-serif-fonts	2.1.5-15.fc44
libertas-firmware	20260622-1.fc44
libev	4.33-15.fc44
libevdev	1.13.6-2.fc44
libevent	2.1.12-17.fc44
libexif	0.6.26-1.fc44
libfdisk	2.41.5-1.fc44
libfdk-aac	2.0.3-2.fc44
libffi	3.5.2-2.fc44
libfido2	1.16.0-5.fc44
libfontenc	1.1.8-5.fc44
libfprint	1.94.10-5.fc44
libfreeaptx	0.2.2-1.fc44
libfsverity	1.6-4.fc44
libfyaml	0.8-9.fc44
libgcc	16.2.1-2.fc44
libgcrypt	1.12.2-1.fc44
libgda	6.0.0-14.fc44
libgda-sqlite	6.0.0-14.fc44
libgee	0.20.8-3.fc44
libgexiv2	0.16.1-1.fc44
libgit2	1.9.7-1.fc44
libglvnd	1.7.0-9.fc44
libglvnd-egl	1.7.0-9.fc44
libglvnd-gles	1.7.0-9.fc44
libglvnd-glx	1.7.0-9.fc44
libglvnd-opengl	1.7.0-9.fc44
libgomp	16.2.1-2.fc44
libgpg-error	1.58-2.fc44
libgphoto2	2.5.33-2.fc44
libgs	10.06.0-2.fc44
libgsf	1.14.58-1.fc44
libgtop2	2.41.3-5.fc44
libgudev	238-9.fc44
libgusb	0.4.9-5.fc44
libgweather	4.6.0-1.fc44
libgxps	0.3.2-12.fc44
libhandy	1.8.3-10.fc44
libhangul	0.2.0-3.fc44
libheif	1.21.2-2.fc44
libi2c	4.4-4.fc44
libibverbs	61.0-2.fc44
libical	3.0.20-7.fc44
libical-glib	3.0.20-7.fc44
libicu	77.1-3.fc44
libidn2	2.3.8-3.fc44
libiec61883	1.2.0-39.fc44
libieee1284	0.2.11-48.fc44
libijs	0.35-26.fc44
libimagequant	4.1.0-2.fc44
libimobiledevice	1.4.0-3.fc44
libimobiledevice-glue	1.3.2-1.fc44
libimobiledevice-utils	1.4.0-3.fc44
libini_config	1.3.1-61.fc44
libinput	1.31.3-1.fc44
libjpeg-turbo	3.1.3-1.fc44
libjxl	0.11.2-1.fc44
libkadm5	1.22.2-4.fc44
libkcapi	1.5.0-7.fc44
libkcapi-hasher	1.5.0-7.fc44
libkcapi-hmaccalc	1.5.0-7.fc44
libklvanc	1.6.0-4.fc44
libksba	1.6.7-5.fc44
liblastlog2	2.41.5-1.fc44
liblc3	1.1.3-7.fc44
liblc3plus	1.6.1-1.fc44
libldac	2.0.2.3-19.fc44
libldb	4.24.6-1.fc44
liblerc	4.0.0-10.fc44
liblouis	3.33.0-7.fc44
liblouis-tables	3.33.0-7.fc44
liblouisutdml	2.12.0-8.fc44
liblouisutdml-utils	2.12.0-8.fc44
liblqr-1	0.4.2-29.fc44
libmanette	0.2.13-2.fc44
libmaxminddb	1.13.3-1.fc44
libmbim	1.32.0-3.fc44
libmbim-utils	1.32.0-3.fc44
libmd	1.2.0-1.fc44
libmediaart	1.9.7-4.fc44
libmnl	1.0.5-9.fc44
libmodplug	0.8.9.0-29.fc44
libmodulemd	2.15.3-1.fc44
libmount	2.41.5-1.fc44
libmpc	1.4.1-1.fc44
libmpeg2	0.5.1-33.fc44
libmspack	0.10.1-0.16.alpha.fc44
libmtp	1.1.22-3.fc44
libmysofa	1.3.3-4.fc44
libndp	1.9-5.fc44
libnet	1.3-7.fc44
libnetapi	4.24.6-1.fc44
libnetfilter_conntrack	1.1.1-1.fc44
libnfnetlink	1.0.1-32.fc44
libnfs	6.0.2-7.fc44
libnfsidmap	2.8.7-6.fc44
libnftnl	1.3.1-2.fc44
libnghttp2	1.68.0-4.fc44
libnice	0.1.23-2.fc44
libnl3	3.12.0-3.fc44
libnma	1.10.6-11.fc44
libnma-common	1.10.6-11.fc44
libnma-gtk4	1.10.6-11.fc44
libnotify	0.8.8-1.fc44
libnsl2	2.0.1-5.fc44
libntlm	1.8-4.fc44
libnvme	1.16.2-1.fc44
libnvpair3	2.4.4-1.fc44
liboeffis	1.5.0-2.fc44
libogg	1.3.6-2.fc44
libopenjph	0.25.3-3.fc44
libopenmpt	0.8.7-1.fc44
liboping	1.10.0-36.fc44
libosinfo	1.12.0-5.fc44
libpaper	2.1.1-10.fc44
libpasswdqc	2.0.3-9.fc44
libpath_utils	0.2.1-61.fc44
libpcap	1.10.6-2.fc44
libpciaccess	0.16-17.fc44
libpfm	4.13.0-20.fc44
libphonenumber	8.13.55-9.fc44
libpinyin	2.11.91-2.fc44
libpinyin-data	2.11.91-2.fc44
libpipeline	1.5.8-4.fc44
libpkgconf	2.5.1-1.fc44
libplacebo	7.360.1-3.fc44
libplist	2.7.0-1.fc44
libpng	1.6.58-1.fc44
libportal	0.10.0-1.fc44
libportal-gtk4	0.10.0-1.fc44
libppd	2.1.1-3.fc44
libproxy	0.5.12-2.fc44
libpskc	2.6.14-1.fc44
libpsl	0.21.5-7.fc44
libpwquality	1.4.5-15.fc44
libqmi	1.36.0-3.fc44
libqmi-utils	1.36.0-3.fc44
libqrtr-glib	1.2.2-9.fc44
librabbitmq	0.17.0-1.fc44
libraqm	0.10.1-4.fc44
libratbag-ratbagd	0.18-5.fc44
libraw1394	2.1.2-25.fc44
libref_array	0.1.5-61.fc44
librepo	1.20.0-5.fc44
libreport-filesystem	2.17.15-10.fc44
librist	0.2.11-1.fc44
librsvg2	2.62.3-1.fc44
librtmp	2.6^20240301git6f6bb13-2.fc44
libsamplerate	0.2.2-12.fc44
libsane-airscan	0.99.36-2.fc44
libsane-hpaio	3.26.4-7.fc44
libsbc	2.1-2.fc44
libseccomp	2.6.1-2.fc44
libsecret	0.21.7-10.fc44
libselinux	3.11-2.fc44
libselinux-utils	3.11-2.fc44
libsemanage	3.11-1.fc44
libsepol	3.11-1.fc44
libshaderc	2026.1-1.fc44
libshout	2.4.6-10.fc44
libsigc++30	3.8.1-1.fc44
libslirp	4.9.1-3.fc44
libsmartcols	2.41.5-1.fc44
libsmbclient	4.24.6-1.fc44
libsndfile	1.2.2-11.fc44
libsodium	1.0.22-1.fc44
libsolv	0.7.39-1.fc44
libsoup3	3.6.6-8.fc44
libspelling	0.4.10-1.fc44
libsrtp	2.8.0-1.fc44
libss	1.47.3-4.fc44
libssh	0.12.2-1.fc44
libssh-config	0.12.2-1.fc44
libssh2	1.11.1-9.fc44
libsss_autofs	2.13.1-2.fc44
libsss_certmap	2.13.1-2.fc44
libsss_idmap	2.13.1-2.fc44
libsss_nss_idmap	2.13.1-2.fc44
libsss_sudo	2.13.1-2.fc44
libstdc++	16.2.1-2.fc44
libstdc++-devel	16.2.1-2.fc44
libstemmer	3.0.1-11.fc44
libswresample	8.1.2-1.fc44
libswscale	8.1.2-1.fc44
libtalloc	2.4.4-1.fc44
libtasn1	4.21.0-1.fc44
libtatsu	1.0.5-1.fc44
libtdb	1.4.15-1.fc44
libtevent	0.17.1-4.fc44
libtextstyle	0.26-5.fc44
libthai	0.1.30-2.fc44
libtheora	1.1.1-41.fc44
libtiff	4.7.2-1.fc44
libtinysparql	3.11.1-1.fc44
libtirpc	1.3.7-2.fc44
libtommath	1.3.1~rc1-7.fc44
libtool-ltdl	2.5.4-10.fc44
libtraceevent	1.8.4-5.fc44
libudfread	1.2.0-3.fc44
libudisks2	2.11.1-2.fc44
libultrahdr	1.4.0^20251202git8cbc983-1.fc44
libunibreak	6.1-5.fc44
libunistring	1.1-11.fc44
libunwind	1.8.3-1.fc44
liburing	2.13-2.fc44
libusb1	1.0.30-1.fc44
libusbmuxd	2.1.1-1.fc44
libuser	0.64-17.fc44
libutempter	1.2.1-20.fc44
libuuid	2.41.5-1.fc44
libuutil3	2.4.4-1.fc44
libuv	1.52.1-2.fc44
libv4l	1.32.0-3.fc44
libva	2.23.0-1.fc44
libva-intel-media-driver	26.2.4-1.fc44
libva-utils	2.23.0-1.fc44
libvarlink	24.0.1-2.fc44
libvdpau	1.5-11.fc44
libverto	0.3.2-12.fc44
libverto-libev	0.3.2-12.fc44
libvisual	0.4.2-4.fc44
libvmaf	3.0.0-5.fc44
libvncserver	0.9.15-6.fc44
libvorbis	1.3.7-14.fc44
libvpl	2.17.0-1.fc44
libvpx	1.15.0-5.fc44
libwacom	2.19.0-1.fc44
libwacom-data	2.19.0-1.fc44
libwayland-client	1.25.0-1.fc44
libwayland-cursor	1.25.0-1.fc44
libwayland-egl	1.25.0-1.fc44
libwayland-server	1.25.0-1.fc44
libwbclient	4.24.6-1.fc44
libwebp	1.6.0-3.fc44
libwinpr	3.30.0-1.fc44
libwmf-lite	0.2.13-9.fc44
libwnck3	43.3-2.fc44
libxavs	0.1.55~20110821svnr55-3.fc44
libxcb	1.17.0-7.fc44
libxcrypt	4.5.2-3.fc44
libxcrypt-compat	4.5.2-3.fc44
libxcrypt-devel	4.5.2-3.fc44
libxcvt	0.1.2-11.fc44
libxkbcommon	1.13.1-2.fc44
libxkbcommon-x11	1.13.1-2.fc44
libxkbfile	1.1.3-5.fc44
libxml2	2.12.10-6.fc44
libxmlb	0.3.29-1.fc44
libxshmfence	1.3.2-8.fc44
libxslt	1.1.43-6.fc44
libyaml	0.2.5-18.fc44
libyubikey	1.13-27.fc44
libyuv	0-0.61.20260213git6067afd.fc44
libzfs7	2.4.4-1.fc44
libzip	1.11.4-3.fc44
libzpool7	2.4.4-1.fc44
libzstd	1.5.7-5.fc44
libzstd-devel	1.5.7-5.fc44
lilv-libs	0.26.4-1.fc44
linux-atm-libs	2.5.1-46.fc44
linux-firmware	20260622-1.fc44
linux-firmware-whence	20260622-1.fc44
llhttp	9.3.1-1.fc44
llvm-filesystem	22.1.8-4.fc44
llvm-libs	22.1.8-4.fc44
lm_sensors	3.6.0-24.fc44
lm_sensors-libs	3.6.0-24.fc44
lmdb-libs	0.9.34-2.fc44
localsearch	3.11.1-1.fc44
lockdev	1.0.4-0.54.20111007git.fc44
logrotate	3.22.0-5.fc44
lpcnetfreedv	0.5-10.fc44
lrzsz	0.12.20-76.fc44
lsb_release	3.3-8.fc44
lshw	B.02.20-11.fc44
lsof	4.98.0-9.fc44
lttng-ust	2.14.0-5.fc44
lua-libs	5.4.8-5.fc44
lvm2	2.03.38-2.fc44
lvm2-libs	2.03.38-2.fc44
lz4-libs	1.10.0-4.fc44
lzo	2.10-16.fc44
m17n-db	1.8.14-1.fc44
m17n-lib	1.8.6-3.fc44
m4	1.4.21-1.fc44
madan-fonts	2.000-43.fc44
mailcap	2.1.54-10.fc44
make	4.4.1-12.fc44
malcontent	0.14.0-1.fc44
malcontent-control	0.14.0-1.fc44
malcontent-libs	0.14.0-1.fc44
malcontent-ui-libs	0.14.0-1.fc44
man-db	2.13.1-3.fc44
man-pages	6.13-3.fc44
mcelog	175-14.fc44
mdadm	4.3-11.fc44
memstrack	0.2.5-8.fc44
mesa-dri-drivers	26.1.4-4.fc44
mesa-filesystem	26.1.4-4.fc44
mesa-libEGL	26.1.4-4.fc44
mesa-libGL	26.1.4-4.fc44
mesa-libGLU	9.0.3-8.fc44
mesa-libgbm	26.1.4-4.fc44
mesa-vulkan-drivers	26.1.4-4.fc44
microcode_ctl	2.1-74.fc44
mkpasswd	5.6.6-1.fc44
mobile-broadband-provider-info	20240407-5.fc44
mod_dnssd	0.6-36.fc44
mod_http2	2.0.39-1.fc44
mod_lua	2.4.68-1.fc44
mokutil	0.7.2-3.fc44
mozc	2.29.5111.102-18.fc44
mozilla-filesystem	1.9-38.fc44
mozjs140	140.13.0-3.fc44
mpage	2.5.7-24.fc44
mpdecimal	4.0.1-3.fc44
mpfr	4.2.2-3.fc44
mpg123-libs	1.32.10-3.fc44
msgraph	0.3.4-5.fc44
mt7xxx-firmware	20260622-1.fc44
mtdev	1.1.6-12.fc44
mtools	4.0.49-3.fc44
mtr	0.96-1.fc44
mutter	50.3-3.fc44
mutter-common	50.3-3.fc44
nano	8.7.1-2.fc44
nano-default-editor	8.7.1-2.fc44
nautilus	50.2.2-2.fc44
nautilus-extensions	50.2.2-2.fc44
nautilus-gsconnect	72-1.fc44
nautilus-python	4.1.0-2.fc44
ncurses	6.6-1.fc44
ncurses-base	6.6-1.fc44
ncurses-libs	6.6-1.fc44
ncurses-term	6.6-1.fc44
neon	0.37.1-1.fc44
nerd-fonts	3.5.1-0.1.fc44
net-snmp-libs	5.9.5.2-4.fc44
net-tools	2.0-0.77.20160912git.fc44
netavark	1.17.2-1.fc44
nettle	3.10.1-3.fc44
nfs-client-utils	2.8.7-6.fc44
nfs-common-utils	2.8.7-6.fc44
nfs-utils	2.8.7-6.fc44
nfsv3-client-utils	2.8.7-6.fc44
nfsv4-client-utils	2.8.7-6.fc44
nftables	1.1.6-2.fc44
nftables-services	1.1.6-2.fc44
ngtcp2	1.22.1-1.fc44
ngtcp2-crypto-gnutls	1.22.1-1.fc44
ngtcp2-crypto-ossl	1.22.1-1.fc44
nilfs-utils	2.2.11-8.fc44
nm-connection-editor	1.36.0-7.fc44
noopenh264	2.6.0-4.fc44
npth	1.8-4.fc44
nspr	4.39.0-3.fc44
nss	3.126.0-1.fc44
nss-altfiles	2.23.0-9.fc44
nss-mdns	0.15.1-28.fc44
nss-softokn	3.126.0-1.fc44
nss-softokn-freebl	3.126.0-1.fc44
nss-sysinit	3.126.0-1.fc44
nss-util	3.126.0-1.fc44
ntfs-3g	2026.2.25-1.fc44
ntfs-3g-libs	2026.2.25-1.fc44
ntfs-3g-system-compression	1.1-2.fc44
ntfsprogs	2026.2.25-1.fc44
numactl-libs	2.0.19-4.fc44
nvidia-gpu-firmware	20260622-1.fc44
nvme-cli	2.16-2.fc44
nvtop	3.3.2-1.fc44
nxpwireless-firmware	20260622-1.fc44
oddjob	0.34.7-18.fc44
oddjob-mkhomedir	0.34.7-18.fc44
oniguruma	6.9.10-4.fc44
open-sans-fonts	1.10-25.fc44
open-vm-tools	13.1.0-2.fc44
open-vm-tools-desktop	13.1.0-2.fc44
openal-soft	1.24.2-6.fc44
openapv-libs	0.2.1.2-1.fc44
openconnect	9.12-11.fc44
opencore-amr	0.1.6-10.fc44
opendyslexic-fonts	0.940-12.fc44
openexr-libs	3.2.4-7.fc44
openjpeg	2.5.4-3.fc44
openldap	2.6.13-1.fc44
openpace	1.1.3-5.fc44
openpgm	5.3.128-6.fc44
openrgb-udev-rules	1.0~rc2-3.20260126git74cbdcc.fc44
opensc	0.27.1-2.fc44
opensc-libs	0.27.1-2.fc44
openssh	10.2p1-14.fc44
openssh-askpass	10.2p1-14.fc44
openssh-clients	10.2p1-14.fc44
openssh-server	10.2p1-14.fc44
openssl	3.5.8-1.fc44
openssl-devel	3.5.8-1.fc44
openssl-libs	3.5.8-1.fc44
openvpn	2.7.5-1.fc44
opus	1.6-2.fc44
orc	0.4.41-3.fc44
orca	50.2-1.fc44
os-prober	1.81-11.fc44
osinfo-db	20251212-1.fc44
osinfo-db-tools	1.12.0-5.fc44
ostree	2026.2-1.fc44
ostree-libs	2026.2-1.fc44
oversteer-udev	0.0.git.415.7f6b3ad8-1.fc44
p11-kit	0.26.4-1.fc44
p11-kit-server	0.26.4-1.fc44
p11-kit-trust	0.26.4-1.fc44
paktype-naskh-basic-fonts	7.0-4.20231228.fc44
pam	1.7.2-2.fc44
pam-libs	1.7.2-2.fc44
pam-u2f	1.4.0-3.fc44
pam_afs_session	2.6-25.fc44
pam_passwdqc	2.0.3-9.fc44
pam_yubico	2.27-10.fc44
pamu2fcfg	1.4.0-3.fc44
pango	1.57.1-1.fc44
pangomm2.48	2.56.2-1.fc44
papers-libs	49.7-1.fc44
papers-nautilus	49.7-1.fc44
papers-previewer	49.7-1.fc44
papers-thumbnailer	49.7-1.fc44
paps	0.8.0-15.fc44
passim	0.1.12-1.fc44
passim-libs	0.1.12-1.fc44
passt	0^20260728.gf8df3f1-2.fc44
passt-selinux	0^20260728.gf8df3f1-2.fc44
passwdqc	2.0.3-9.fc44
passwdqc-utils	2.0.3-9.fc44
pcaudiolib	1.1-19.fc44
pciutils	3.15.0-1.fc44
pciutils-libs	3.15.0-1.fc44
pcp-conf	7.2.1-1.fc44
pcp-libs	7.2.1-1.fc44
pcp-selinux-import	7.2.1-1.fc44
pcre2	10.47-1.fc44.1
pcre2-syntax	10.47-1.fc44.1
pcre2-utf16	10.47-1.fc44.1
pcre2-utf32	10.47-1.fc44.1
pcsc-lite	2.4.1-2.fc44
pcsc-lite-ccid	1.7.1-2.fc44
pcsc-lite-libs	2.4.1-2.fc44
perl-AutoLoader	5.74-525.fc44
perl-B	1.89-525.fc44
perl-Carp	1.54-521.fc44
perl-Class-Struct	0.68-525.fc44
perl-Data-Dumper	2.192-523.fc44
perl-Digest	1.20-521.fc44
perl-Digest-MD5	2.59-521.fc44
perl-DynaLoader	1.57-525.fc44
perl-Encode	3.21-521.fc44
perl-Errno	1.38-525.fc44
perl-Error	0.17030-3.fc44
perl-Exporter	5.79-521.fc44
perl-Fcntl	1.20-525.fc44
perl-File-Basename	2.86-525.fc44
perl-File-Path	2.18-522.fc44
perl-File-Temp	0.231.200-2.fc44
perl-File-stat	1.14-525.fc44
perl-FileHandle	2.05-525.fc44
perl-Getopt-Long	2.58-521.fc44
perl-Getopt-Std	1.14-525.fc44
perl-Git	2.55.0-1.fc44
perl-HTTP-Tiny	0.096-1.fc44
perl-IO	1.55-525.fc44
perl-IO-Socket-IP	0.43-522.fc44
perl-IO-Socket-SSL	2.098-2.fc44
perl-IPC-Open3	1.24-525.fc44
perl-MIME-Base32	1.303-25.fc44
perl-MIME-Base64	3.16-521.fc44
perl-NDBM_File	1.18-525.fc44
perl-Net-SSLeay	1.94-12.fc44
perl-POSIX	2.23-525.fc44
perl-PathTools	3.94-521.fc44
perl-Pod-Escapes	1.07-521.fc44
perl-Pod-Perldoc	3.28.01-522.fc44
perl-Pod-Simple	3.47-4.fc44
perl-Pod-Usage	2.05-521.fc44
perl-Scalar-List-Utils	1.70-2.fc44
perl-SelectSaver	1.02-525.fc44
perl-Socket	2.043-1.fc44
perl-Storable	3.37-522.fc44
perl-Symbol	1.09-525.fc44
perl-Term-ANSIColor	5.01-522.fc44
perl-Term-Cap	1.18-521.fc44
perl-TermReadKey	2.38-27.fc44
perl-Text-ParseWords	3.31-521.fc44
perl-Text-Tabs+Wrap	2024.001-521.fc44
perl-Time-HiRes	1.9778-521.fc44
perl-Time-Local	1.350-521.fc44
perl-URI	5.36-1.fc44
perl-Unicode-Normalize	1.32-521.fc44
perl-base	2.27-525.fc44
perl-constant	1.33-522.fc44
perl-if	0.61.000-525.fc44
perl-interpreter	5.42.3-525.fc44
perl-lib	0.65-525.fc44
perl-libnet	3.15-522.fc44
perl-libs	5.42.3-525.fc44
perl-locale	1.13-525.fc44
perl-mro	1.29-525.fc44
perl-overload	1.40-525.fc44
perl-overloading	0.02-525.fc44
perl-parent	0.244-521.fc44
perl-podlators	6.0.2-521.fc44
perl-vars	1.05-525.fc44
pinentry	1.3.2-3.fc44
pinentry-gnome3	1.3.2-3.fc44
pinfo	0.6.13-10.fc44
pipewire	1.6.8-1.fc44
pipewire-alsa	1.6.8-1.fc44
pipewire-config-raop	1.6.8-1.fc44
pipewire-gstreamer	1.6.8-1.fc44
pipewire-jack-audio-connection-kit	1.6.8-1.fc44
pipewire-jack-audio-connection-kit-libs	1.6.8-1.fc44
pipewire-libs	1.6.8-1.fc44
pipewire-libs-extra	1.6.8-1.fc44
pipewire-plugin-libcamera	1.6.8-1.fc44
pipewire-pulseaudio	1.6.8-1.fc44
pipewire-utils	1.6.8-1.fc44
pixman	0.46.2-3.fc44
pkcs11-helper	1.30.0-5.fc44
pkcs11-provider	1.1-3.fc44
pkgconf	2.5.1-1.fc44
pkgconf-m4	2.5.1-1.fc44
pkgconf-pkg-config	2.5.1-1.fc44
plymouth	24.004.60-24.fc44
plymouth-core-libs	24.004.60-24.fc44
plymouth-graphics-libs	24.004.60-24.fc44
plymouth-plugin-label	24.004.60-24.fc44
plymouth-plugin-two-step	24.004.60-24.fc44
plymouth-scripts	24.004.60-24.fc44
plymouth-system-theme	24.004.60-24.fc44
plymouth-theme-spinner	24.004.60-24.fc44
podman	5.8.4-1.fc44
podman-sequoia	0.3.2-2.fc44
policycoreutils	3.11-2.fc44
policycoreutils-python-utils	3.11-2.fc44
polkit	127-2.fc44.2
polkit-libs	127-2.fc44.2
poppler	26.01.0-3.fc44
poppler-cpp	26.01.0-3.fc44
poppler-data	0.4.11-11.fc44
poppler-glib	26.01.0-3.fc44
poppler-utils	26.01.0-3.fc44
popt	1.19-10.fc44
portaudio	19.7.0-3.fc44
powerstat	0.04.05-3.fc44
powertop	2.15-12.fc44
ppp	2.5.1-7.fc44
prefixdevname	0.2.0-8.fc44
printer-driver-brlaser	6.2.7-3.fc44
procps-ng	4.0.6-1.fc44
protobuf	3.19.6-20.fc44
protobuf-c	1.5.2-2.fc44
psmisc	23.7-7.fc44
ptouch-driver	1.7.1-3.fc44
ptyxis	50.1-2.fc44
publicsuffix-list-dafsa	20260116-1.fc44
pulseaudio-libs	17.0-9.fc44
pulseaudio-libs-glib2	17.0-9.fc44
pulseaudio-utils	17.0-9.fc44
pv	1.10.5-1.fc44
python-pip-wheel	26.0.1-2.fc44
python-unversioned-command	3.14.6-1.fc44
python3	3.14.6-1.fc44
python3-annotated-types	0.7.0-9.fc44
python3-anyio	4.13.0-1.fc44
python3-argcomplete	3.6.3-4.fc44
python3-audit	4.2.1-1.fc44
python3-boto3	1.43.52-1.fc44
python3-botocore	1.43.52-1.fc44
python3-brlapi	0.8.7-8.fc44
python3-cairo	1.28.0-5.fc44
python3-certifi	2026.01.04-1.fc44
python3-cffi	2.0.0-3.fc44
python3-charset-normalizer	3.4.4-2.fc44
python3-click	8.3.3-1.fc44
python3-cryptography	49.0.0-1.fc44
python3-cups	2.0.4-8.fc44
python3-dasbus	1.7-14.fc44
python3-dateutil	2.9.0.post0-7.fc44
python3-dbus	1.4.0-9.fc44
python3-distro	1.9.0-11.fc44
python3-dns	2.8.0-3.fc44
python3-email-validator	2.3.0-3.fc44
python3-enchant	3.3.0-2.fc44
python3-evdev	1.9.3-1.fc44
python3-fido2	2.2.1-1.fc44
python3-file-magic	5.46-10.fc44
python3-firewall	2.4.4-1.fc44
python3-gobject	3.56.3-1.fc44
python3-gobject-base	3.56.3-1.fc44
python3-h11	0.16.0-6.fc44
python3-html2text	2025.4.15-6.fc44
python3-httpcore	1.0.9-6.fc44
python3-httpx	0.28.1-11.fc44
python3-ibus	1.5.34-4.fc44
python3-idna	3.18-1.fc44
python3-inotify	0.9.6-43.fc44
python3-jaraco-classes	3.4.0-11.fc44
python3-jaraco-context	6.1.0-2.fc44
python3-jaraco-functools	4.3.0-2.fc44
python3-jeepney	0.9.0-8.fc44
python3-jmespath	1.0.1-14.fc44
python3-keyring	25.7.0-3.fc44
python3-keyring+completion	25.7.0-3.fc44
python3-langtable	0.0.71-1.fc44
python3-libs	3.14.6-1.fc44
python3-libselinux	3.11-2.fc44
python3-libsemanage	3.11-1.fc44
python3-linux-procfs	0.7.4-3.fc44
python3-llfuse	1.5.2-2.fc44
python3-louis	3.33.0-7.fc44
python3-more-itertools	10.8.0-1.fc44
python3-msgpack	1.1.2-2.fc44
python3-nftables	1.1.6-2.fc44
python3-olefile	0.47-13.fc44
python3-packaging	25.0-8.fc44
python3-pam	2.0.2-18.fc44
python3-perf	7.1.6-201.fc44
python3-pexpect	4.9.0-15.fc44
python3-pillow	12.3.0-1.fc44
python3-pip	26.0.1-3.fc44
python3-policycoreutils	3.11-2.fc44
python3-pskc	1.4-1.fc44
python3-psutil	7.2.2-1.fc44
python3-ptyprocess	0.7.0-15.fc44
python3-pyatspi	2.58.2-1.fc44
python3-pyaudio	0.2.13-11.fc44
python3-pycparser	2.22-8.fc44
python3-pydantic	2.12.5-4.fc44
python3-pydantic+email	2.12.5-4.fc44
python3-pydantic-core	2.41.5-3.fc44
python3-pygit2	1.19.3-1.fc44
python3-pyscard	2.2.2-6.fc44
python3-pysocks	1.7.1-32.fc44
python3-pyudev	0.24.4-3.fc44
python3-pyxdg	0.28-1.fc44
python3-pyyaml	6.0.3-3.fc44
python3-pyzfs	2.4.4-1.fc44
python3-rapidfuzz	3.14.3-2.fc44
python3-regex	2026.7.19-1.fc44
python3-requests	2.33.1-1.fc44
python3-s3transfer	0.19.1-1.fc44
python3-secretstorage	3.5.0-2.fc44
python3-setools	4.6.0-6.fc44
python3-shtab	1.7.2-5.fc44
python3-six	1.17.0-8.fc44
python3-speechd	0.12.1-6.fc44
python3-typing-extensions	4.16.0-4.fc44
python3-typing-inspection	0.4.4-1.fc44
python3-urllib3	2.7.0-1.fc44
python3-urllib3+socks	2.7.0-1.fc44
python3-yubikey-manager	5.9.2-1.20260630git60ab055.fc44
qadwaitadecorations-qt5	0.1.7-3.fc44
qcom-wwan-firmware	20260622-1.fc44
qemu-guest-agent	10.2.2-1.fc44
qemu-user-static-aarch64	10.2.2-1.fc44
qpdf-libs	12.3.2-1.fc44
qrencode-libs	4.1.1-12.fc44
qt-settings	43.101-3.fc44
qt5-filesystem	5.15.18-2.fc44
qt5-qtbase	5.15.18-2.fc44
qt5-qtbase-common	5.15.18-2.fc44
qt5-qtbase-gui	5.15.18-2.fc44
qt5-qtdeclarative	5.15.18-2.fc44
qt5-qtsvg	5.15.18-2.fc44
qt5-qttranslations	5.15.18-2.fc44
qt5-qtwayland	5.15.18-2.fc44
qt5-qtx11extras	5.15.18-2.fc44
qt5-qtxmlpatterns	5.15.18-2.fc44
qt6-filesystem	6.11.1-1.fc44
qt6-qtbase	6.11.1-1.fc44
qt6-qtbase-common	6.11.1-1.fc44
qt6-qtbase-gui	6.11.1-1.fc44
qt6-qtdeclarative	6.11.1-3.fc44
qt6-qtsvg	6.11.1-1.fc44
qt6-qttranslations	6.11.1-1.fc44
qt6-qtwayland	6.11.1-1.fc44
qt6-qtwayland-adwaita-decoration	6.11.1-1.fc44
quota	4.11-2.fc44
quota-nls	4.11-2.fc44
rav1e-libs	0.8.1-3.fc44
rclone	1.74.3-1.fc44
rdma-core-common	61.0-2.fc44
readline	8.3-4.fc44
realmd	0.17.1-19.fc44
realtek-firmware	20260622-1.fc44
redhat-menus	12.0.2-39.fc44
rest	0.10.2-5.fc44
restic	0.19.1-1.fc44
rit-meera-new-fonts	1.6.2-5.fc44
rit-rachana-fonts	1.5.2-5.fc44
rootfiles	9.0-6.fc44
rpcbind	1.2.9-2.fc44
rpm	6.0.2-1.fc44
rpm-build-libs	6.0.2-1.fc44
rpm-libs	6.0.2-1.fc44
rpm-ostree	2026.2-1.fc44
rpm-ostree-libs	2026.2-1.fc44
rpm-plugin-audit	6.0.2-1.fc44
rpm-plugin-dbus-announce	6.0.2-1.fc44
rpm-plugin-selinux	6.0.2-1.fc44
rpm-sequoia	1.10.2-4.fc44
rpm-sign-libs	6.0.2-1.fc44
rsync	3.4.4-1.fc44
rtkit	0.11-70.fc44
rubberband-libs	4.0.0-5.fc44
runc	1.5.1-1.fc44
rygel	45.2-1.fc44
samba	4.24.6-1.fc44
samba-client	4.24.6-1.fc44
samba-client-libs	4.24.6-1.fc44
samba-common	4.24.6-1.fc44
samba-common-tools	4.24.6-1.fc44
samba-core-libs	4.24.6-1.fc44
samba-dcerpc	4.24.6-1.fc44
samba-ldb-ldap-modules	4.24.6-1.fc44
samba-libs	4.24.6-1.fc44
samba-ndr-libs	4.24.6-1.fc44
samba-winbind	4.24.6-1.fc44
samba-winbind-clients	4.24.6-1.fc44
samba-winbind-modules	4.24.6-1.fc44
sane-airscan	0.99.36-2.fc44
sane-backends	1.4.0-6.fc44
sane-backends-drivers-cameras	1.4.0-6.fc44
sane-backends-drivers-scanners	1.4.0-6.fc44
sane-backends-libs	1.4.0-6.fc44
sdbus-cpp	2.2.1-2.fc44
sdl2-compat	2.32.70-1.fc44
sed	4.9-7.fc44
selinux-policy	44.5-1.fc44
selinux-policy-targeted	44.5-1.fc44
serd	0.32.8-1.fc44
setools-console	4.6.0-6.fc44
setup	2.15.0-28.fc44
setxkbmap	1.3.4-7.fc44
shadow-utils	4.19.0-7.fc44
shadow-utils-subid	4.19.0-7.fc44
shared-mime-info	2.4-3.fc44
shim-ia32	16.1-5
shim-x64	16.1-5
sil-padauk-fonts	3.003-21.fc44
simdutf	7.2.1-3.fc44
skopeo	1.22.2-2.fc44
slang	2.3.3-9.fc44
slirp4netns	1.3.1-4.fc44
smartmontools	7.5-6.fc44
smartmontools-selinux	7.5-6.fc44
snappy	1.2.2-4.fc44
solaar-udev	1.1.20-1.fc44
sord	0.16.22-1.fc44
sos	4.11.2-1.fc44
sound-theme-freedesktop	0.8-31.fc44
soundtouch	2.4.0-3.fc44
soxr	0.1.3-21.fc44
spandsp	0.0.6-22.fc44
spdlog	1.15.3-4.fc44
speech-dispatcher	0.12.1-6.fc44
speech-dispatcher-espeak-ng	0.12.1-6.fc44
speech-dispatcher-libs	0.12.1-6.fc44
speech-dispatcher-utils	0.12.1-6.fc44
speex	1.2.0-21.fc44
spice-vdagent	0.23.0-2.fc44
spice-webdavd	3.0-13.fc44
spirv-tools-libs	2026.1-1.fc44
splix	2.0.1-6.fc44
sqlite-libs	3.51.2-1.fc44
squashfs-tools	4.6.1-8.fc44
sratom	0.6.22-1.fc44
srt-libs	1.5.6-1.fc44
sshpass	1.09-12.fc44
sso-mib-libs	0.8.0-1.fc44
sssd-client	2.13.1-2.fc44
sssd-common	2.13.1-2.fc44
sssd-kcm	2.13.1-2.fc44
sssd-krb5-common	2.13.1-2.fc44
sssd-nfs-idmap	2.13.1-2.fc44
startup-notification	0.12-33.fc44
stix-fonts	2.13b171-10.fc44
stoken-libs	0.93-2.fc44
sudo	1.9.17-8.p2.fc44
sudo-python-plugin	1.9.17-8.p2.fc44
svt-av1-libs	3.1.2-2.fc44
svt-vp9-libs	0.3.0-17.fc44
switcheroo-control	3.0-5.fc44
symlinks	1.7-14.fc44
sysstat	12.7.9-2.fc44
system-config-printer-libs	1.5.18-17.fc44
system-config-printer-udev	1.5.18-17.fc44
systemd	259.9-1.fc44
systemd-container	259.9-1.fc44
systemd-libs	259.9-1.fc44
systemd-networkd	259.9-1.fc44
systemd-oomd-defaults	259.9-1.fc44
systemd-pam	259.9-1.fc44
systemd-resolved	259.9-1.fc44
systemd-shared	259.9-1.fc44
systemd-sysusers	259.9-1.fc44
systemd-udev	259.9-1.fc44
taglib	2.3-2.fc44
tailscale	1.102.4-1
tar	1.35-8.fc44
tcl	9.0.2-1.fc44
tcpdump	4.99.6-3.fc44
tecla	50.0-1.fc44
tesseract-common	5.5.3-1.fc44
tesseract-langpack-eng	4.1.0-12.fc44
tesseract-libs	5.5.3-1.fc44
tesseract-tessdata-doc	4.1.0-12.fc44
thermald	2.5.9-3.fc44
time	1.9-28.fc44
tinysparql	3.11.1-1.fc44
tinyxml2	11.0.0-2.fc44
tiwilink-firmware	20260622-1.fc44
tmux	3.7b-2.fc44
toolbox	0.3-4.fc44
totem-pl-parser	3.26.7-1.fc44
tpm2-tools	5.7-5.fc44
tpm2-tss	4.1.3-9.fc44
tpm2-tss-fapi	4.1.3-9.fc44
traceroute	2.1.6-4.fc44
tree	2.2.1-4.fc44
tslib	1.24-2.fc44
tuned	2.27.0-1.fc44
tuned-ppd	2.27.0-1.fc44
twolame-libs	0.4.0-9.fc44
tzdata	2026b-1.fc44
uavs3d-libs	1.2.0~20251213git0e20d2c-8.fc44
ublue-os-akmods-addons	0.8-1.fc44
uchardet	0.0.8-10.fc44
udftools	2.3-13.fc44
udisks2	2.11.1-2.fc44
unbound-anchor	1.25.2-1.fc44
unbound-libs	1.25.2-1.fc44
unicode-ucd	17.0.0-2.fc44
unzip	6.0-69.fc44
upower	1.91.3-1.fc44
upower-libs	1.91.3-1.fc44
uresourced	0.5.4-5.fc44
uriparser	1.0.2-1.fc44
urw-base35-bookman-fonts	20200910-27.fc44
urw-base35-c059-fonts	20200910-27.fc44
urw-base35-d050000l-fonts	20200910-27.fc44
urw-base35-fonts	20200910-27.fc44
urw-base35-fonts-common	20200910-27.fc44
urw-base35-gothic-fonts	20200910-27.fc44
urw-base35-nimbus-mono-ps-fonts	20200910-27.fc44
urw-base35-nimbus-roman-fonts	20200910-27.fc44
urw-base35-nimbus-sans-fonts	20200910-27.fc44
urw-base35-p052-fonts	20200910-27.fc44
urw-base35-standard-symbols-ps-fonts	20200910-27.fc44
urw-base35-z003-fonts	20200910-27.fc44
usb_modeswitch	2.6.2-5.fc44
usb_modeswitch-data	20191128-15.fc44
usbip	5.7.9-14.fc44
usbmuxd	1.1.1^20251205git3ded00c-1.fc44
usbutils	019-2.fc44
usermode	1.114-16.fc44
userspace-rcu	0.15.6-1.fc44
util-linux	2.41.5-1.fc44
util-linux-core	2.41.5-1.fc44
uupd	1.4.0-2.fc44
uvg266-libs	0.8.1-1.fc44
v4l2loopback	0.15.4-1.fc44
vazirmatn-vf-fonts	33.003-16.fc44
vid.stab	1.1.1-8.fc44
vim-common	9.2.843-1.fc44
vim-data	9.2.843-1.fc44
vim-enhanced	9.2.843-1.fc44
vim-filesystem	9.2.843-1.fc44
vim-minimal	9.2.843-1.fc44
virt-what	1.27-5.fc44
virtualbox-guest-additions	7.2.14-1.fc44
vo-amrwbenc	0.1.3-24.fc44
volume_key-libs	0.3.12-29.fc44
vpnc	0.5.3^20241114.git11e15a1-4.fc44
vpnc-script	20230907-7.git5b9e7e4c.fc44
vte-profile	0.84.1-1.fc44
vte291	0.84.1-1.fc44
vte291-gtk4	0.84.1-1.fc44
vulkan-loader	1.4.341.0-1.fc44
vvdec-libs	3.1.0-1.fc44
vvenc-libs	1.14.0-1.fc44
wavpack	5.9.0-2.fc44
waypipe	0.11.0-2.fc44
webkit2gtk4.1	2.52.5-1.fc44
webkitgtk6.0	2.52.5-1.fc44
webrtc-audio-processing	2.1-5.fc44
wget2	2.2.1-2.fc44
wget2-libs	2.2.1-2.fc44
wget2-wget	2.2.1-2.fc44
which	2.25-1.fc44
whois	5.6.6-1.fc44
whois-nls	5.6.6-1.fc44
wireguard-tools	1.0.20260223-1.fc44
wireless-regdb	2026.05.30-1.fc44
wireplumber	0.5.14-1.fc44
wireplumber-libs	0.5.14-1.fc44
wl-clipboard	2.2.1^git20251124.e808203-2.fc44
words	3.0-63.fc44
wpa_supplicant	2.11-9.fc44
wsdd	0.8-6.fc44
x264-libs	0.165-38.20250910git0480cb0.fc44
x265-libs	4.2-1.fc44
xavs2-libs	1.4-2.fc44
xcb-util	0.4.1-9.fc44
xcb-util-cursor	0.1.6-2.fc44
xcb-util-image	0.4.1-9.fc44
xcb-util-keysyms	0.4.1-9.fc44
xcb-util-renderutil	0.3.10-9.fc44
xcb-util-wm	0.4.2-9.fc44
xdg-dbus-proxy	0.1.7-1.fc44
xdg-desktop-portal	1.22.1-1.fc44
xdg-desktop-portal-gnome	50.0-1.fc44
xdg-desktop-portal-gtk	1.15.3-3.fc44
xdg-terminal-exec	0.14.1-2.fc44
xdg-user-dirs	0.18-11.fc43
xdg-user-dirs-gtk	0.16-2.fc44
xdg-utils	1.2.1-5.fc44
xdriinfo	1.0.7-6.fc44
xevd-libs	0.5.0-1.fc44
xeve-libs	0.5.1-2.fc44
xfsprogs	7.1.1-1.fc44
xhost	1.0.9-11.fc44
xkbcomp	1.5.0-2.fc44
xkeyboard-config	2.47-1.fc44
xml-common	0.6.3-68.fc44
xmlrpc-c	1.60.04-5.fc44
xmlrpc-c-client	1.60.04-5.fc44
xmlsec1	1.2.41-4.fc44
xmlsec1-openssl	1.2.41-4.fc44
xmodmap	1.0.11-10.fc44
xorg-x11-server-Xwayland	24.1.13-1.fc44
xorg-x11-xauth	1.1.5-1.fc44
xorg-x11-xinit	1.4.3-4.fc44
xprop	1.2.8-5.fc44
xrandr	1.5.3-4.fc44
xrdb	1.2.2-7.fc44
xrefresh	1.1.0-4.fc44
xset	1.2.5-9.fc44
xvidcore	1.3.7-19.fc44
xxd	9.2.843-1.fc44
xxhash-libs	0.8.3-4.fc44
xz	5.8.2-2.fc44
xz-libs	5.8.2-2.fc44
yelp-libs	49.1-1.fc44
yelp-xsl	49.0-2.fc44
ykclient	2.15-23.fc44
ykpers	1.20.0-18.fc44
yubikey-manager	5.9.2-1.20260630git60ab055.fc44
yyjson	0.12.0-2.fc44
zchunk-libs	1.5.4-1.fc44
zenity	4.2.2-1.fc44
zeromq	4.3.5-22.fc43
zfs	2.4.4-1.fc44
zimg	3.0.6-3.fc44
zinnia	0.07-8.fc44
zinnia-tomoe-ja	0.07-8.fc44
zip	3.0-45.fc44
zix	0.8.0-2.fc44
zlib-ng-compat	2.3.3-3.fc44
zlib-ng-compat-devel	2.3.3-3.fc44
zram-generator	1.2.1-5.fc44
zram-generator-defaults	1.2.1-5.fc44
zsh	5.9-21.fc44
zstd	1.5.7-5.fc44
zvbi	0.2.44-3.fc44
