ModemManager-glib	1.24.2-1.hum1.bfin
NetworkManager	1.58.0-1.hum1
NetworkManager-config-connectivity-fedora	1.58.1-1.hum1
NetworkManager-libnm	1.58.0-1.hum1
SDL3	3.4.16-1.hum1.bfin
aardvark-dns	2.0.0-2.hum1
abattis-cantarell-fonts	0.301-18.hum1
abattis-cantarell-vf-fonts	0.301-18.hum1
abseil-cpp	20260526.0-1.hum1.bfin
accountsservice	26.27.3-1.hum1.bfin
accountsservice-libs	26.27.3-1.hum1.bfin
adw-gtk3-theme	6.4-1.hum1.bfin
adwaita-cursor-theme	51~beta-1.hum1.bfin
adwaita-fonts-all	51.0-1.hum1.bfin
adwaita-icon-theme	51~beta-1.hum1.bfin
adwaita-icon-theme-legacy	46.2-1.hum1.bfin
adwaita-mono-fonts	51.0-1.hum1.bfin
adwaita-sans-fonts	51.0-1.hum1.bfin
alsa-firmware	1.2.4-18.hum1.bfin
alsa-lib	1.2.16.1-2.1.hum1
alsa-tools-firmware	1.2.15-5.hum1.bfin
alsa-ucm	1.2.16.1-2.1.hum1
alternatives	1.33-5.1.hum1
appstream	1.1.3-3.hum1.bfin
aribb24	1.0.3^20160216git5e9be27-6.hum1.bfin
at-spi2-atk	2.61.1-1.hum1.bfin
at-spi2-core	2.61.1-1.hum1.bfin
atk	2.61.1-1.hum1.bfin
audit	4.2.1-2.hum1
audit-libs	4.2.1-2.hum1
audit-rules	4.2.1-2.hum1
authselect	1.7.1-2.hum1
authselect-libs	1.7.1-2.hum1
avahi-glib	0.9~rc4-0.1.1.hum1
avahi-libs	0.9~rc4-0.1.1.hum1
bash	5.3.15-2.1.hum1
bash-completion	2.18-1.hum1
bind-libs	9.20.29-0.1.hum1
bind-utils	9.20.29-0.1.hum1
binutils	2.46.1-1.2.hum1
bluez	5.87-7.hum1.bfin
bluez-libs	5.87-7.hum1.bfin
bluez-obexd	5.87-7.hum1.bfin
boost-atomic	1.90.0-13.hum1
boost-chrono	1.90.0-13.hum1
boost-container	1.90.0-13.hum1
boost-date-time	1.90.0-13.hum1
boost-thread	1.90.0-13.hum1
bootc	1.16.7-1.hum1
bootupd	0.3.2-1.hum1
btrfs-progs	7.1-1.hum1
bubblewrap	0.11.2-2.hum1
bzip2-libs	1.0.8-24.hum1
ca-certificates	2025.2.80_v9.0.304-9.hum1
cairo	1.18.4-1.hum1.bfin
cairo-gobject	1.18.4-1.hum1.bfin
catatonit	0.2.1-6.hum1
cdparanoia-libs	10.2-51.hum1.bfin
checkpolicy	3.11-2.hum1
chrony	4.8-3.fc43
cloud-utils-growpart	0.34-2.hum1
cmake-filesystem	4.3.0-5.1.hum1
codec2	1.2.0-10.hum1.bfin
color-filesystem	1-39.hum1.bfin
colord	1.4.8-1.hum1.bfin
colord-gtk4	0.3.1-1.hum1.bfin
colord-libs	1.4.8-1.hum1.bfin
composefs	1.0.8-7.hum1
composefs-libs	1.0.8-7.hum1
conmon	2.2.1-2.hum1
container-selinux	2.250.0-2.hum1
containerd	2.3.4-1.hum1.bfin
containernetworking-plugins	1.9.1-5.hum1
containers-common	0.69.0-1.hum1
containers-common-extra	0.69.0-1.hum1
coreutils-single	9.11-6.hum1
cpio	2.15-10.1.hum1
cpp	16.2.1-2.hum1
cracklib	2.10.3-2.hum1
crun	1.28-2.hum1
crypto-policies	20260731-1.git6488aef.hum1
crypto-policies-config-default	20260731-1.git6488aef.hum1
crypto-policies-scripts	20260731-1.git6488aef.hum1
cryptsetup	2.8.7-1.hum1
cryptsetup-libs	2.8.7-1.hum1
cups-filesystem	2.4.19-4.2.hum1
cups-libs	2.4.19-4.2.hum1
cups-pk-helper	0.2.7-13.hum1.bfin
curl	8.21.0-5.hum1
cyrus-sasl-lib	2.1.28-37.1.hum1
dbus	1.16.2-6.hum1
dbus-broker	37-9.hum1
dbus-common	1.16.2-6.hum1
dbus-libs	1.16.2-6.hum1
dbus-tools	1.16.2-6.hum1
dconf	51~beta-1.hum1.bfin
ddcutil	2.2.1-1.hum1.bfin
default-fonts-core-mono	4.3-3.hum1
default-fonts-core-sans	4.3-3.hum1
default-fonts-core-serif	4.3-3.hum1
device-mapper	1.02.216-1.hum1
device-mapper-event	1.02.216-1.hum1
device-mapper-event-libs	1.02.216-1.hum1
device-mapper-libs	1.02.216-1.hum1
device-mapper-persistent-data	1.3.3-2.hum1.bfin
diffutils	3.12-6.1.hum1
distrobox	1.8.2.5-1.hum1.bfin
dnf5	5.4.2.1-10.hum1
dosfstools	4.2-19.hum1
double-conversion	3.4.0-4.hum1.bfin
dracut	111-2.hum1
dracut-live	111-2.hum1
dracut-network	111-2.hum1
duktape	2.7.0-12.hum1
e2fsprogs	1.47.4-2.hum1
e2fsprogs-libs	1.47.4-2.hum1
efi-filesystem	6-9.hum1
efibootmgr	18-10.fc43
efivar-libs	39-10.fc43
elfutils-debuginfod-client	0.196-1.1.hum1
elfutils-libelf	0.196-1.1.hum1
elfutils-libs	0.196-1.1.hum1
emacs-filesystem	30.2-3.hum1
enchant2	2.8.19-2.hum1.bfin
evolution-data-server	3.61.3-1.hum1.bfin
evolution-data-server-langpacks	3.61.3-1.hum1.bfin
evtest	1.36-3.hum1.bfin
expat	2.8.3-0.1.hum1
fastfetch	2.66.0-2.hum1.bfin
fdk-aac-free	2.0.3-3.hum1.bfin
fedora-logos	42.0.1-6.hum1
fftw-libs-single	3.3.11-0.1.hum1
file	5.48-3.hum1
file-libs	5.48-3.hum1
filesystem	3.18-59.hum1
findutils	4.11.0-1.1.hum1
firewall-config	2.5.1-1.hum1
firewalld	2.5.1-1.hum1
firewalld-filesystem	2.5.1-1.hum1
flac-libs	1.5.0-9.hum1.bfin
flatpak	1.19.0-1.hum1.bfin
flatpak-libs	1.19.0-1.hum1.bfin
flatpak-selinux	1.19.0-1.hum1.bfin
flatpak-session-helper	1.19.0-1.hum1.bfin
flatpak-spawn	1.0.6-1.hum1.bfin
flite	2.2-14.hum1.bfin
fmt	12.1.0-3.hum1
fontconfig	2.18.3-1.hum1
fonts-filesystem	5.0.0-4.hum1
freetype	2.14.3-2.hum1
fribidi	1.0.16-5.hum1.bfin
fstrm	0.6.1-15.hum1
fuse	2.9.9-26.hum1.bfin
fuse-common	3.18.2-2.hum1
fuse-overlayfs	1.17-1.hum1
fuse3	3.18.3-1.hum1
fuse3-libs	3.18.3-1.hum1
fwupd	2.1.7-1.hum1.bfin
fwupd-plugin-uefi-capsule-data	2.1.7-1.hum1.bfin
fxload	2008_10_13-35.hum1.bfin
fzf	0.74.3-1.hum1.bfin
gawk	5.4.1-1.hum1
gcc	16.2.1-2.hum1
gcc-c++	16.2.1-2.hum1
gcr	4.4.0.1-1.hum1.bfin
gcr-libs	4.4.0.1-1.hum1.bfin
gcr3	3.41.1-13.hum1.bfin
gcr3-base	3.41.1-13.hum1.bfin
gdbm-libs	1.23-12.hum1
gdk-pixbuf2	2.44.8-1.hum1.bfin
gdm	51~beta-1.hum1.bfin
geoclue2	2.8.2-1.hum1.bfin
geoclue2-libs	2.8.2-1.hum1.bfin
geocode-glib	3.26.4-1.hum1.bfin
gettext	1.0-3.hum1
gettext-envsubst	1.0-3.hum1
gettext-libs	1.0-3.hum1
gettext-runtime	1.0-3.hum1
git-core	2.55.0-2.hum1
git-credential-libsecret	2.55.0-2.hum1
gjs	1.89.2-1.hum1.bfin
glib-networking	2.90~alpha-1.hum1.bfin
glib2	2.89.3-1.hum1
glibc	2.43-8.5.hum1
glibc-all-langpacks	2.43-8.5.hum1
glibc-common	2.43-8.5.hum1
glibc-devel	2.43-8.5.hum1
glibc-gconv-extra	2.43-8.5.hum1
glibc-minimal-langpack	2.43-8.5.hum1
glx-utils	9.0.0-12.hum1.bfin
glycin-libs	2.2~beta-1.hum1.bfin
glycin-loaders	2.2~beta-1.hum1.bfin
gmp	6.3.0-6.hum1
gnome-autoar	0.5.0-1.hum1.bfin
gnome-bluetooth	47.2-1.hum1.bfin
gnome-bluetooth-libs	47.2-1.hum1.bfin
gnome-control-center	51~beta-1.hum1.bfin
gnome-control-center-filesystem	51~beta-1.hum1.bfin
gnome-desktop3	51~alpha-1.hum1.bfin
gnome-desktop4	51~alpha-1.hum1.bfin
gnome-keyring	50.0-1.hum1.bfin
gnome-keyring-pam	50.0-1.hum1.bfin
gnome-online-accounts	3.58.1-1.hum1.bfin
gnome-online-accounts-libs	3.58.1-1.hum1.bfin
gnome-ponytail-daemon	0.0.11-11.hum1.bfin
gnome-session	51~beta-1.hum1.bfin
gnome-session-wayland-session	51~beta-1.hum1.bfin
gnome-settings-daemon	51~beta-1.hum1.bfin
gnome-shell	51~beta-1.hum1.bfin
gnome-shell-common	51~beta-1.hum1.bfin
gnome-shell-extension-gsconnect	72-3.hum1.bfin
gnome-tweaks	49.0-4.hum1.bfin
gnupg2	2.4.9-18.hum1
gnupg2-dirmngr	2.4.9-18.hum1
gnupg2-gpg-agent	2.4.9-18.hum1
gnupg2-gpgconf	2.4.9-18.hum1
gnupg2-keyboxd	2.4.9-18.hum1
gnupg2-scdaemon	2.4.9-18.hum1
gnupg2-verify	2.4.9-18.hum1
gnutls	3.8.13-1.2.hum1
gobject-introspection	1.86.0-1.hum1.bfin
google-noto-fonts-common	20260601-3.hum1
google-noto-sans-cjk-vf-fonts	2.004-12.hum1.bfin
google-noto-sans-math-fonts	20260601-3.hum1
google-noto-sans-mono-cjk-vf-fonts	2.004-12.hum1.bfin
google-noto-sans-mono-vf-fonts	20260601-3.hum1
google-noto-sans-symbols-2-fonts	20260601-3.hum1
google-noto-sans-vf-fonts	20260601-3.hum1
google-noto-serif-vf-fonts	20260601-3.hum1
gpg-pubkey	567e347ad0044ade55ba8a5f199e2f91fd431d51-4ae0493b
gpg-pubkey	7e4624258c406535d56d6f135054e4a45a6340b3-6229229e
gpg-pubkey	c6e7f081cf80e13146676e88829b606631645531-66b6dccf
gpg-pubkey	fcd355b305707a62da143ab6e422397e50fe8467a2a95343d246d6276afedf8f-68e6a1f3
gpgme	2.0.1-6.hum1
graphene	1.10.8-1.hum1.bfin
graphite2	1.3.14-22.hum1
grep	3.12-4.hum1
groff-base	1.24.1-2.hum1
grub2-common	2.12-78.hum1.bfin
grub2-efi-x64	2.12-78.hum1.bfin
grub2-efi-x64-cdboot	2.12-78.hum1.bfin
grub2-pc	2.12-78.hum1.bfin
grub2-pc-modules	2.12-78.hum1.bfin
grub2-tools	2.12-78.hum1.bfin
grub2-tools-minimal	2.12-78.hum1.bfin
gsettings-desktop-schemas	51~beta-1.hum1.bfin
gsl	2.8-4.hum1.bfin
gsm	1.0.24-1.hum1.bfin
gsound	1.0.3-1.hum1.bfin
gssdp	1.6.6-1.hum1.bfin
gstreamer1	1.28.6-2.hum1.bfin
gstreamer1-plugins-bad-free-libs	1.28.6-1.hum1.bfin
gstreamer1-plugins-base	1.28.6-1.hum1.bfin
gstreamer1-plugins-good	1.28.6-1.hum1.bfin
gtk-update-icon-cache	3.24.52-1.hum1.bfin
gtk2	2.24.33-28.hum1.bfin
gtk3	3.24.52-1.hum1.bfin
gtk4	4.23.3-1.hum1.bfin
gtksourceview4	4.8.4-12.hum1.bfin
gum	2.0.0-1.hum1.bfin
gupnp	1.6.10-1.hum1.bfin
gupnp-igd	1.6.0-1.hum1.bfin
gvfs	1.61.91-1.hum1.bfin
gvfs-client	1.61.91-1.hum1.bfin
gvfs-goa	1.61.91-1.hum1.bfin
gvfs-nfs	1.61.91-1.hum1.bfin
gweather-locations	2026.2-1.hum1.bfin
gweather-locations-common	2026.2-1.hum1.bfin
gzip	1.14-4.hum1
harfbuzz	14.3.1-1.hum1
harfbuzz-icu	14.3.1-1.hum1
hicolor-icon-theme	0.18-1.hum1.bfin
hidapi	0.15.0-4.hum1.bfin
highway	1.3.0-1.hum1.bfin
hostname	3.25-5.hum1
hummingbird-gpg-keys	20251124-1.15.hum1
hummingbird-release	20251124-1.15.hum1
hummingbird-repos	20251124-1.15.hum1
hunspell	1.7.3-1.hum1.bfin
hunspell-en	0.20260225-3.hum1.bfin
hunspell-en-AU	0.20260225-3.hum1.bfin
hunspell-en-CA	0.20260225-3.hum1.bfin
hunspell-en-GB	0.20260225-3.hum1.bfin
hunspell-en-US	0.20260225-3.hum1.bfin
hunspell-filesystem	1.7.3-1.hum1.bfin
hwdata	0.410-1.hum1.bfin
hwinfo-libs	25.5-1.hum1.bfin
hyphen	2.8.8-30.hum1.bfin
i2c-tools	4.4-7.hum1.bfin
ibus	1.5.35~beta2-2.hum1.bfin
ibus-gtk2	1.5.35~beta2-2.hum1.bfin
ibus-gtk3	1.5.35~beta2-2.hum1.bfin
ibus-libs	1.5.35~beta2-2.hum1.bfin
ibus-mozc	2.29.5111.102-21.hum1.bfin
ibus-setup	1.5.35~beta2-2.hum1.bfin
ibus-unikey	0.7.0~beta1-1.hum1.bfin
igt-gpu-tools	2.5-1.hum1.bfin
iio-sensor-proxy	3.9-1.hum1.bfin
ilbc	3.0.4-21.hum1.bfin
input-remapper	2.2.1-1.hum1.bfin
intel-mediasdk	23.2.2-12.hum1.bfin
intel-vpl-gpu-rt	26.1.6-1.hum1.bfin
iproute	7.0.0-2.hum1
iptables-libs	1.8.13-2.hum1
iptables-nft	1.8.13-2.hum1
iputils	20250605-3.hum1.bfin
iso-codes	4.20.1-4.hum1.bfin
isomd5sum	1.2.5-9.hum1.bfin
jansson	2.14-5.hum1
javascriptcoregtk4.1	2.53.91-1.hum1.bfin
javascriptcoregtk6.0	2.53.91-1.hum1.bfin
jbigkit-libs	2.1-34.hum1
jq	1.8.2-5.hum1
json-c	0.18-9.hum1
json-glib	1.10.8-1.hum1.bfin
just	1.57.0-1.hum1.bfin
kbd	2.10.0-2.hum1
kbd-legacy	2.10.0-2.hum1
kbd-misc	2.10.0-2.hum1
kde-filesystem	5-8.hum1.bfin
kernel	7.1.8-100.fc43
kernel-core	7.1.8-100.fc43
kernel-headers	7.2.0-61.hum1
kernel-modules	7.1.8-100.fc43
kernel-modules-core	7.1.8-100.fc43
keyutils	1.6.3-8.hum1
keyutils-libs	1.6.3-8.hum1
kf5-filesystem	5.116.0-7.hum1.bfin
kmod	34.2-6.hum1
kmod-libs	34.2-6.hum1
krb5-libs	1.22.2-9.1.hum1
lame-libs	4.0-1.hum1.bfin
langpacks-core-en	4.3-3.hum1
langpacks-en	4.3-3.hum1
langpacks-fonts-en	4.3-3.hum1
lcms2	2.16-1.hum1.bfin
less	704-5.hum1
less-color	704-5.hum1
libICE	1.1.2-5.hum1.bfin
libSM	1.2.5-5.hum1.bfin
libX11	1.8.13-2.hum1
libX11-common	1.8.13-2.hum1
libX11-xcb	1.8.13-2.hum1
libXau	1.0.12-5.hum1
libXcomposite	0.4.6-8.hum1
libXcursor	1.2.3-5.hum1.bfin
libXdamage	1.1.6-8.hum1.bfin
libXdmcp	1.1.5-6.hum1.bfin
libXext	1.3.6-6.hum1
libXfixes	6.0.1-8.hum1.bfin
libXfont2	2.0.9-1.hum1.bfin
libXft	2.3.8-11.hum1
libXi	1.8.3-2.hum1
libXinerama	1.1.5-11.hum1.bfin
libXmu	1.2.1-6.hum1.bfin
libXrandr	1.5.4-8.hum1.bfin
libXrender	0.9.12-5.hum1
libXt	1.3.1-5.hum1.bfin
libXtst	1.2.5-5.hum1
libXv	1.0.13-5.hum1.bfin
libXxf86vm	1.1.6-5.hum1.bfin
libacl	2.4.0-2.hum1
libadwaita	1.10~beta.1-1.hum1.bfin
libaio	0.3.111-24.hum1
libaom	3.14.0-0.1.2.hum1
libappindicator-gtk3	12.10.1-11.hum1.bfin
libarchive	3.8.8-3.1.hum1
libaribcaption	1.1.1-5.hum1.bfin
libassuan	2.5.7-6.hum1
libasyncns	0.8-35.hum1.bfin
libatasmart	0.19-33.hum1.bfin
libatomic	16.2.1-2.hum1
libattr	2.6.0-9.1.hum1
libavcodec-free	9.0.1-1.hum1.bfin
libavif	1.3.0-4.2.hum1
libavutil-free	9.0.1-1.hum1.bfin
libayatana-appindicator-gtk3	0.5.94-1.hum1.bfin
libayatana-ido-gtk3	0.10.4-1.hum1.bfin
libayatana-indicator-gtk3	0.9.4-1.hum1.bfin
libblkid	2.42.2-3.4.hum1
libblkid-devel	2.42.2-3.4.hum1
libblockdev	3.5.0-4.hum1.bfin
libblockdev-btrfs	3.5.0-4.hum1.bfin
libblockdev-crypto	3.5.0-4.hum1.bfin
libblockdev-dm	3.5.0-4.hum1.bfin
libblockdev-fs	3.5.0-4.hum1.bfin
libblockdev-loop	3.5.0-4.hum1.bfin
libblockdev-lvm	3.5.0-4.hum1.bfin
libblockdev-mdraid	3.5.0-4.hum1.bfin
libblockdev-mpath	3.5.0-4.hum1.bfin
libblockdev-nvme	3.5.0-4.hum1.bfin
libblockdev-part	3.5.0-4.hum1.bfin
libblockdev-smart	3.5.0-4.hum1.bfin
libblockdev-swap	3.5.0-4.hum1.bfin
libblockdev-utils	3.5.0-4.hum1.bfin
libbpf	1.7.0-2.hum1
libbrotli	1.2.0-6.hum1
libburn	1.5.8-2.hum1.bfin
libbytesize	2.12-5.hum1.bfin
libcamera	0.7.2-4.hum1.bfin
libcamera-gstreamer	0.7.2-4.hum1.bfin
libcamera-ipa	0.7.2-4.hum1.bfin
libcamera-tools	0.7.2-4.hum1.bfin
libcanberra	0.30-1.hum1.bfin
libcanberra-backend-alsa	0.30-1.hum1.bfin
libcanberra-backend-gstreamer	0.30-1.hum1.bfin
libcanberra-backend-pulse	0.30-1.hum1.bfin
libcanberra-gtk2	0.30-1.hum1.bfin
libcanberra-gtk3	0.30-1.hum1.bfin
libcap	2.78-2.hum1
libcap-ng	0.9.3-4.hum1
libcbor	0.14.0-3.hum1
libcdio	2.3.0-2.hum1.bfin
libcdio-paranoia	10.2+2.0.2-8.hum1.bfin
libcloudproviders	0.4.1-1.hum1.bfin
libcom_err	1.47.4-2.hum1
libcurl	8.21.0-5.hum1
libdatrie	0.2.14-3.hum1.bfin
libdav1d	1.5.4-1.hum1
libdbusmenu	16.04.0-32.hum1.bfin
libdbusmenu-gtk3	16.04.0-32.hum1.bfin
libdecor	0.2.5-3.hum1.bfin
libdisplay-info	0.3.0-2.hum1.bfin
libdnf5	5.4.2.1-10.hum1
libdnf5-cli	5.4.2.1-10.hum1
libdrm	2.4.134-2.hum1.bfin
libebur128	1.2.6-16.hum1.bfin
libeconf	0.7.9-4.hum1
libedit	3.1-60.20260512cvs.hum1
libei	1.6.0-2.hum1.bfin
libeis	1.6.0-2.hum1.bfin
libepoxy	1.5.10-13.hum1.bfin
libevdev	1.13.7-1.hum1.bfin
libevent	2.1.12-19.hum1
libfdisk	2.42.2-3.4.hum1
libffi	3.5.2-3.hum1
libffi-devel	3.5.2-3.hum1
libfido2	1.17.0-5.hum1
libfontenc	1.1.8-6.hum1
libfreeaptx	0.2.2-1.hum1.bfin
libfyaml	0.8-10.hum1.bfin
libgcc	16.2.1-2.hum1
libgcrypt	1.12.2-2.hum1
libglvnd	1.7.0-10.hum1.bfin
libglvnd-egl	1.7.0-10.hum1.bfin
libglvnd-gles	1.7.0-10.hum1.bfin
libglvnd-glx	1.7.0-10.hum1.bfin
libglvnd-opengl	1.7.0-10.hum1.bfin
libgomp	16.2.1-2.hum1
libgpg-error	1.61-2.hum1
libgtop2	2.41.3-1.hum1.bfin
libgudev	238-10.hum1.bfin
libgusb	0.4.9-1.hum1.bfin
libgweather	4.6.0-1.hum1.bfin
libheif	1.23.1-1.hum1.bfin
libi2c	4.4-7.hum1.bfin
libical	3.0.20-1.hum1.bfin
libical-glib	3.0.20-1.hum1.bfin
libicu	78.3-8.hum1
libidn2	2.3.8-4.hum1
libimobiledevice	1.4.0-1.hum1.bfin
libimobiledevice-glue	1.3.2-1.hum1.bfin
libinput	1.31.3-2.hum1.bfin
libisoburn	1.5.8-3.hum1.bfin
libisofs	1.5.8-4.hum1.bfin
libjpeg-turbo	3.1.4.1-2.hum1
libjxl	0.11.2-1.hum1.bfin
libkcapi	1.5.0-11.hum1
libkcapi-hasher	1.5.0-11.hum1
libkcapi-hmaccalc	1.5.0-11.hum1
libksba	1.8.0-3.hum1
liblastlog2	2.42.2-3.4.hum1
liblc3	1.1.3-9.hum1.bfin
liblc3plus	1.7.1-1.hum1.bfin
libldac	2.0.2.6-1.hum1.bfin
libldb	4.25.0-0.1.rc1.hum1.bfin
liblerc	4.2.0-1.hum1
libmanette	0.2.13-1.hum1.bfin
libmaxminddb	1.14.0-1.hum1
libmnl	1.0.5-10.hum1
libmodulemd	2.15.3-3.hum1
libmount	2.42.2-3.4.hum1
libmount-devel	2.42.2-3.4.hum1
libmpc	1.4.1-2.hum1
libndp	1.9-6.hum1
libnetfilter_conntrack	1.1.1-2.hum1
libnfnetlink	1.0.2-2.hum1
libnfs	7.0.0-1.hum1.bfin
libnftnl	1.3.1-3.hum1
libnghttp2	1.69.0-5.hum1
libnghttp3	1.18.0-1.hum1
libnice	0.1.23-3.hum1.bfin
libnma-common	1.10.6-12.hum1.bfin
libnma-gtk4	1.10.6-12.hum1.bfin
libnotify	0.8.8-1.hum1.bfin
libnsl2	2.0.1-6.hum1
libnvme	1.16.2-1.hum1.bfin
liboeffis	1.6.0-2.hum1.bfin
libogg	1.3.6-4.hum1.bfin
libopenjph	0.31.0-1.hum1.bfin
liboping	1.10.0-38.hum1.bfin
libpciaccess	0.19-1.hum1.bfin
libphonenumber	8.13.55-1.hum1.bfin
libpipeline	1.5.8-5.hum1
libpkgconf	2.5.1-2.hum1
libplist	2.7.0-1.hum1.bfin
libpng	1.6.58-2.hum1
libproxy	0.5.12-3.hum1.bfin
libpsl	0.23.1-1.hum1
libpwquality	1.4.5-18.1.hum1
libratbag-ratbagd	0.18-6.hum1.bfin
librepo	1.20.0-9.hum1
librsvg2	2.62.3-1.hum1.bfin
libsass	3.6.6-7.hum1.bfin
libsbc	2.1-1.hum1.bfin
libseccomp	2.6.1-3.hum1
libsecret	0.21.7-1.hum1.bfin
libselinux	3.11-5.hum1
libselinux-devel	3.11-5.hum1
libselinux-utils	3.11-5.hum1
libsemanage	3.11-3.hum1
libsepol	3.11-2.hum1
libsepol-devel	3.11-2.hum1
libshout	2.4.6-12.hum1.bfin
libsmartcols	2.42.2-3.4.hum1
libsmbclient	4.25.0-0.1.rc1.hum1.bfin
libsndfile	1.2.2-12.hum1.bfin
libsolv	0.7.39-7.hum1
libsoup3	3.7.2-1.hum1.bfin
libss	1.47.4-2.hum1
libssh	0.12.2-1.hum1
libssh-config	0.12.2-1.hum1
libstdc++	16.2.1-2.hum1
libstdc++-devel	16.2.1-2.hum1
libstemmer	3.1.1-1.hum1.bfin
libswresample-free	9.0.1-1.hum1.bfin
libtalloc	2.5.0-1.hum1.bfin
libtasn1	4.21.0-2.hum1
libtdb	1.4.15-1.hum1.bfin
libtevent	0.17.2-1.hum1.bfin
libtextstyle	1.0-3.hum1
libthai	0.1.30-3.hum1.bfin
libtheora	1.1.1-42.hum1.bfin
libtiff	4.7.2-2.hum1
libtinysparql	3.11.1-2.1.hum1
libtirpc	1.3.7-3.hum1
libtool-ltdl	2.5.4-11.hum1
libudisks2	2.11.2-1.hum1.bfin
libunistring	1.1-12.hum1
libunwind	1.8.3-4.hum1
libusb1	1.0.30-2.hum1
libusbmuxd	2.1.1-1.hum1.bfin
libuuid	2.42.2-3.4.hum1
libuv	1.52.1-2.hum1
libv4l	1.32.0-4.hum1.bfin
libva	2.24.1-1.hum1.bfin
libva-utils	2.24.0-2.hum1.bfin
libvdpau	1.5-12.hum1.bfin
libverto	0.3.2-13.hum1
libvisual	0.4.2-4.hum1.bfin
libvmaf	3.2.1-1.hum1
libvorbis	1.3.7-1.hum1.bfin
libvpl	2.17.0-1.hum1.bfin
libvpx	1.17.0-1.hum1.bfin
libwacom	2.19.0-2.hum1.bfin
libwacom-data	2.19.0-2.hum1.bfin
libwayland-client	1.26.0-2.hum1.bfin
libwayland-cursor	1.26.0-2.hum1.bfin
libwayland-egl	1.26.0-2.hum1.bfin
libwayland-server	1.26.0-2.hum1.bfin
libwbclient	4.25.0-0.1.rc1.hum1.bfin
libwebp	1.6.0-4.hum1
libx86emu	3.7-4.hum1.bfin
libxcb	1.17.0-8.hum1
libxcrypt	4.5.2-4.hum1
libxcrypt-compat	4.5.2-4.hum1
libxcrypt-devel	4.5.2-4.hum1
libxcvt	0.1.2-12.hum1.bfin
libxkbcommon	1.13.1-3.hum1
libxkbcommon-x11	1.13.1-3.hum1
libxkbfile	1.1.3-6.hum1.bfin
libxml2	2.15.4-0.1.hum1
libxml2-16	2.15.3-0.1.2.hum1
libxmlb	0.3.29-1.hum1.bfin
libxshmfence	1.3.2-9.hum1.bfin
libxslt	1.1.45-0.1.1.hum1
libyaml	0.2.5-19.hum1
libyuv	0-0.63.20260714gitafff0cf.2.hum1
libzstd	1.5.7-6.1.hum1
livesys-scripts	0.9.7-2.hum1.bfin
llvm-filesystem	22.1.8-4.1.hum1
llvm-libs	22.1.8-4.1.hum1
lm_sensors-libs	3.6.0-25.hum1.bfin
lmdb-libs	0.9.34-3.hum1
logrotate	3.22.0-6.hum1
lpcnetfreedv	0.5-11.hum1.bfin
lttng-ust	2.16.0-1.hum1.bfin
lua-libs	5.5.1-1.hum1
lvm2	2.03.42-1.hum1
lvm2-libs	2.03.42-1.hum1
lz4-libs	1.10.0-5.hum1
lzo	2.10-17.hum1
mailcap	2.1.54-11.hum1
make	4.4.1-13.hum1.bfin
malcontent	0.14.0-1.hum1.bfin
malcontent-control	0.14.0-1.hum1.bfin
malcontent-libs	0.14.0-1.hum1.bfin
malcontent-ui-libs	0.14.0-1.hum1.bfin
man-db	2.13.1-4.hum1
mdadm	4.6-2.hum1.bfin
mesa-dri-drivers	26.2.1-1.hum1.bfin
mesa-filesystem	26.2.1-1.hum1.bfin
mesa-libEGL	26.2.1-1.hum1.bfin
mesa-libGL	26.2.1-1.hum1.bfin
mesa-libGLU	9.0.3-9.hum1.bfin
mesa-libgbm	26.2.1-1.hum1.bfin
mesa-vulkan-drivers	26.2.1-1.hum1.bfin
meson-srpm-macros	1.12.0-2.hum1
mobile-broadband-provider-info	20240407-6.hum1.bfin
mokutil	0.7.2-2.fc43
mozc	2.29.5111.102-21.hum1.bfin
mozjs140	140.13.0-3.hum1.bfin
mpdecimal	4.0.1-4.hum1
mpfr	4.2.2-4.hum1
mpg123-libs	1.33.6-1.hum1.bfin
msgraph	0.3.5-1.hum1.bfin
mtdev	1.1.6-13.hum1.bfin
mutter	51~beta-1.hum1.bfin
mutter-common	51~beta-1.hum1.bfin
nautilus-extensions	51~beta-1.hum1.bfin
nautilus-gsconnect	72-3.hum1.bfin
nautilus-python	4.1.0-1.hum1.bfin
ncurses	6.6-3.hum1
ncurses-base	6.6-3.hum1
ncurses-libs	6.6-3.hum1
netavark	2.0.0-3.hum1
nettle	4.0-5.1.hum1
nftables	1.1.6-4.hum1
nftables-services	1.1.6-4.hum1
ngtcp2	1.22.1-3.hum1
ngtcp2-crypto-gnutls	1.22.1-3.hum1
ngtcp2-crypto-ossl	1.22.1-3.hum1
ninja-build	1.13.2-6.hum1
noopenh264	2.6.0-1.hum1.bfin
npth	1.8-5.hum1
nspr	4.39.0-5.hum1
nss	3.129.0-1.hum1
nss-softokn	3.129.0-1.hum1
nss-softokn-freebl	3.129.0-1.hum1
nss-sysinit	3.129.0-1.hum1
nss-util	3.129.0-1.hum1
ntfs-3g	2026.7.7-2.hum1.bfin
ntfs-3g-libs	2026.7.7-2.hum1.bfin
ntfsprogs	2026.7.7-2.hum1.bfin
numactl-libs	2.0.19-5.hum1
oniguruma	6.9.10-5.hum1
openapv-libs	0.3.0.0-1.hum1.bfin
opencore-amr	0.1.6-11.hum1.bfin
openjpeg	2.5.4-4.hum1.bfin
openldap	2.6.13-4.hum1
openrgb-udev-rules	1.0~rc2-1.hum1.bfin
openssh	10.4p1-4.hum1
openssh-askpass	10.4p1-4.hum1
openssh-clients	10.4p1-4.hum1
openssh-server	10.4p1-4.hum1
openssl	3.5.8-0.1.hum1
openssl-fips-provider-upstream	3.5.8-0.1.hum1
openssl-libs	3.5.8-0.1.hum1
opus	1.6-1.hum1.bfin
orc	0.4.41-4.hum1.bfin
os-prober	1.81-10.fc43
ostree	2026.4-1.hum1
ostree-libs	2026.4-1.hum1
p11-kit	0.26.5-1.hum1
p11-kit-server	0.26.5-1.hum1
p11-kit-trust	0.26.5-1.hum1
pam	1.7.2-4.hum1
pam-libs	1.7.2-4.hum1
pango	1.58.2-1.hum1.bfin
parted	3.7-4.hum1.bfin
passim	0.1.12-1.hum1.bfin
passim-libs	0.1.12-1.hum1.bfin
passt	0^20260728.gf8df3f1-2.hum1
passt-selinux	0^20260728.gf8df3f1-2.hum1
pciutils-libs	3.15.0-2.hum1.bfin
pcre2	10.48-0.1.hum1
pcre2-devel	10.48-0.1.hum1
pcre2-syntax	10.48-0.1.hum1
pcre2-utf16	10.48-0.1.hum1
pcre2-utf32	10.48-0.1.hum1
perl-AutoLoader	5.74-525.1.hum1
perl-B	1.89-525.1.hum1
perl-Carp	1.54-527.hum1
perl-Class-Struct	0.68-525.1.hum1
perl-Data-Dumper	2.192-528.hum1
perl-Digest	1.20-527.hum1
perl-Digest-MD5	2.59-527.hum1
perl-DynaLoader	1.57-525.1.hum1
perl-Encode	3.24-527.hum1
perl-Errno	1.38-525.1.hum1
perl-Exporter	5.79-527.hum1
perl-Fcntl	1.20-525.1.hum1
perl-File-Basename	2.86-525.1.hum1
perl-File-Path	2.18-527.hum1
perl-File-Temp	0.231.200-527.hum1
perl-File-stat	1.14-525.1.hum1
perl-FileHandle	2.05-525.1.hum1
perl-Getopt-Long	2.58-527.hum1
perl-Getopt-Std	1.14-525.1.hum1
perl-HTTP-Tiny	0.096-528.hum1
perl-IO	1.55-525.1.hum1
perl-IO-Socket-IP	0.44-528.hum1
perl-IO-Socket-SSL	2.099-2.1.hum1
perl-IPC-Open3	1.24-525.1.hum1
perl-MIME-Base32	1.303-25.1.hum1
perl-MIME-Base64	3.16-527.hum1
perl-NDBM_File	1.18-525.1.hum1
perl-Net-SSLeay	1.96-5.1.hum1
perl-POSIX	2.23-525.1.hum1
perl-PathTools	3.95-527.hum1
perl-Pod-Escapes	1.07-527.hum1
perl-Pod-Perldoc	3.28.01-528.hum1
perl-Pod-Simple	3.48-527.hum1
perl-Pod-Usage	2.05-527.hum1
perl-Scalar-List-Utils	1.70-527.hum1
perl-SelectSaver	1.02-525.1.hum1
perl-Socket	2.043-1.hum1
perl-Storable	3.41-527.hum1
perl-Symbol	1.09-525.1.hum1
perl-Term-ANSIColor	5.01-528.hum1
perl-Term-Cap	1.18-527.hum1
perl-Text-ParseWords	3.31-527.hum1
perl-Text-Tabs+Wrap	2024.001-527.hum1
perl-Time-HiRes	1.9780-527.hum1
perl-Time-Local	1.350-527.hum1
perl-URI	5.35-2.hum1
perl-base	2.27-525.1.hum1
perl-constant	1.33-528.hum1
perl-if	0.61.000-525.1.hum1
perl-interpreter	5.42.2-525.1.hum1
perl-libnet	3.15-528.hum1
perl-libs	5.42.2-525.1.hum1
perl-locale	1.13-525.1.hum1
perl-mro	1.29-525.1.hum1
perl-overload	1.40-525.1.hum1
perl-overloading	0.02-525.1.hum1
perl-parent	0.244-527.hum1
perl-podlators	6.1.0-2.hum1
perl-vars	1.05-525.1.hum1
pipewire	1.6.8-3.hum1.bfin
pipewire-alsa	1.6.8-3.hum1.bfin
pipewire-gstreamer	1.6.8-3.hum1.bfin
pipewire-jack-audio-connection-kit	1.6.8-3.hum1.bfin
pipewire-jack-audio-connection-kit-libs	1.6.8-3.hum1.bfin
pipewire-libs	1.6.8-3.hum1.bfin
pipewire-libs-extra	1.6.8-1.hum1.bfin
pipewire-plugin-libcamera	1.6.8-3.hum1.bfin
pipewire-pulseaudio	1.6.8-3.hum1.bfin
pixman	0.46.4-1.hum1.bfin
pkgconf	2.5.1-2.hum1
pkgconf-m4	2.5.1-2.hum1
pkgconf-pkg-config	2.5.1-2.hum1
podman	6.0.2-2.2.hum1
podman-sequoia	0.3.2-4.hum1
policycoreutils	3.11-2.2.hum1
policycoreutils-python-utils	3.11-2.2.hum1
polkit	127-5.hum1
polkit-libs	127-5.hum1
popt	1.19-11.hum1
procps-ng	4.0.6-2.hum1
protobuf-c	1.5.2-5.hum1
protobuf-cpp	6.33.5-7.hum1.bfin
protobuf3	3.19.6-50.hum1.bfin
psmisc	23.7-9.hum1
publicsuffix-list-dafsa	20260624-2.hum1
pulseaudio-libs	17.0-11.hum1.bfin
pulseaudio-libs-glib2	17.0-11.hum1.bfin
python-pip-wheel	26.2-0.1.hum1
python3	3.14.7-1.hum1
python3-annotated-types	0.8.0-1.hum1.bfin
python3-argcomplete	3.6.3-1.hum1.bfin
python3-audit	4.2.1-2.hum1
python3-cairo	1.28.0-1.hum1.bfin
python3-dasbus	1.7-16.hum1.bfin
python3-dbus	1.4.0-14.hum1
python3-distro	1.9.0-13.hum1.bfin
python3-evdev	1.9.3-1.hum1.bfin
python3-firewall	2.5.1-1.hum1
python3-gnome-ponytail-daemon	0.0.11-11.hum1.bfin
python3-gobject	3.57.1-6.hum1
python3-gobject-base	3.57.1-6.hum1
python3-ibus	1.5.35~beta2-2.hum1.bfin
python3-libs	3.14.7-1.hum1
python3-libselinux	3.11-5.hum1
python3-libsemanage	3.11-3.hum1
python3-nftables	1.1.6-4.hum1
python3-packaging	26.2-4.1.hum1
python3-pam	2.0.2-20.hum1.bfin
python3-pip	26.2-0.1.hum1
python3-policycoreutils	3.11-2.2.hum1
python3-psutil	7.2.2-1.hum1.bfin
python3-pydantic	2.13.5-1.hum1.bfin
python3-pydantic-core	2.46.5-1.hum1.bfin
python3-setools	4.7.1-1.hum1.bfin
python3-typing-extensions	4.16.0-4.hum1
python3-typing-inspection	0.4.4-1.hum1.bfin
qt-settings	44.0-1.hum1.bfin
qt5-filesystem	5.15.18-3.hum1
qt5-qtbase	5.15.18-5.2.hum1
qt5-qtbase-common	5.15.18-5.2.hum1
qt5-qtbase-gui	5.15.18-5.2.hum1
rav1e-libs	0.8.1-4.hum1
readline	8.3-6.hum1
rest	0.10.2-1.hum1.bfin
rpm	6.0.1-6.2.1.hum1
rpm-libs	6.0.1-6.2.1.hum1
rpm-plugin-selinux	6.0.1-6.2.1.hum1
rpm-sequoia	1.10.1.1-1.4.hum1
rtkit	0.14-1.hum1.bfin
runc	1.5.1-1.hum1.bfin
samba-client-libs	4.25.0-0.1.rc1.hum1.bfin
samba-common	4.25.0-0.1.rc1.hum1.bfin
samba-core-libs	4.25.0-0.1.rc1.hum1.bfin
samba-ndr-libs	4.25.0-0.1.rc1.hum1.bfin
sdbus-cpp	2.3.1-3.hum1
sdl2-compat	2.32.70-2.hum1.bfin
sed	4.10-2.hum1
selinux-policy	45.11-1.hum1
selinux-policy-targeted	45.11-1.hum1
setup	2.15.1-2.hum1
setxkbmap	1.3.5-1.hum1.bfin
shadow-utils	4.20.0-1.hum1
shadow-utils-subid	4.20.0-1.hum1
shared-mime-info	2.5.1-1.hum1.bfin
shim-x64	15.8-3
skopeo	1.24.0-2.hum1
snappy	1.2.2-6.1.hum1
sound-theme-freedesktop	0.8-1.hum1.bfin
soxr	0.1.3-22.hum1.bfin
spandsp	0.0.6-23.hum1.bfin
speex	1.2.0-22.hum1.bfin
spirv-tools-libs	2026.2-1.hum1.bfin
sqlite-libs	3.53.4-1.hum1
squashfs-tools	4.7.4-2.hum1.bfin
startup-notification	0.12-1.hum1.bfin
sudo	1.9.17-16.p2.hum1
svt-av1-libs	3.1.2-3.hum1
switcheroo-control	3.0-1.hum1.bfin
sysprof-capture-devel	50~rc-2.2.hum1
systemd	261.2-1.hum1
systemd-container	261.2-1.hum1
systemd-devel	261.2-1.hum1
systemd-libs	261.2-1.hum1
systemd-pam	261.2-1.hum1
systemd-resolved	261.2-1.hum1
systemd-shared	261.2-1.hum1
systemd-sysusers	261.2-1.hum1
systemd-udev	261.2-1.hum1
taglib	2.3-1.hum1.bfin
tailscale	1.98.8-3.hum1.bfin
tar	1.35-9.2.hum1
tecla	51~beta-1.hum1.bfin
tinysparql	3.11.1-2.1.hum1
tpm2-tss	4.2.0-1.hum1
twolame-libs	0.4.0-10.hum1.bfin
tzdata	2026c-1.hum1
udisks2	2.11.2-1.hum1.bfin
unzip	6.0-71.hum1
upower	1.91.3-1.hum1.bfin
upower-libs	1.91.3-1.hum1.bfin
userspace-rcu	0.15.6-2.hum1
util-linux	2.42.2-3.4.hum1
util-linux-core	2.42.2-3.4.hum1
vim-data	9.2.920-1.hum1
vim-filesystem	9.2.967-1.1.hum1
vim-minimal	9.2.920-1.hum1
vo-amrwbenc	0.1.3-25.hum1.bfin
volume_key-libs	0.3.12-33.hum1.bfin
vulkan-loader	1.4.350.0-1.hum1.bfin
wavpack	5.9.0-1.hum1.bfin
waypipe	0.11.2-1.hum1.bfin
webkit2gtk4.1	2.53.91-1.hum1.bfin
webkitgtk6.0	2.53.91-1.hum1.bfin
webrtc-audio-processing	2.1-1.hum1.bfin
which	2.25-2.hum1
wireguard-tools	1.0.20260223-2.hum1.bfin
wireplumber	0.5.14-2.hum1.bfin
wireplumber-libs	0.5.14-2.hum1.bfin
wl-clipboard	2.3.0-1.hum1.bfin
wsdd	0.8-7.hum1.bfin
xcb-util	0.4.1-10.hum1.bfin
xcb-util-image	0.4.1-10.hum1.bfin
xcb-util-keysyms	0.4.1-10.hum1.bfin
xcb-util-renderutil	0.3.10-10.hum1.bfin
xcb-util-wm	0.4.2-10.hum1.bfin
xdg-dbus-proxy	0.1.8-1.hum1.bfin
xdg-desktop-portal	1.22.1-1.hum1.bfin
xdg-desktop-portal-gnome	51~alpha-1.hum1.bfin
xdg-desktop-portal-gtk	1.15.3-1.hum1.bfin
xdg-terminal-exec	0.14.2-1.hum1.bfin
xdg-user-dirs	0.20-1.hum1.bfin
xdg-user-dirs-gtk	0.16-1.hum1.bfin
xevd-libs	0.7.0-1.hum1.bfin
xeve-libs	0.7.0-1.hum1.bfin
xhost	1.0.10-1.hum1.bfin
xkbcomp	1.5.0-3.hum1.bfin
xkeyboard-config	2.48-4.hum1
xml-common	0.6.3-69.hum1
xmlrpc-c	1.60.04-7.hum1.bfin
xmlrpc-c-client	1.60.04-7.hum1.bfin
xmodmap	1.0.12-1.hum1.bfin
xorg-x11-server-Xwayland	26.0.99.901-1.hum1.bfin
xorg-x11-xauth	1.1.5-1.hum1.bfin
xorg-x11-xinit	1.4.3-5.hum1.bfin
xorriso	1.5.8-3.hum1.bfin
xprop	1.2.8-1.hum1.bfin
xrdb	1.2.3-1.hum1.bfin
xrefresh	1.1.1-1.hum1.bfin
xvidcore	1.3.7-20.hum1.bfin
xxd	9.2.967-1.1.hum1
xz	5.8.3-2.hum1
xz-libs	5.8.3-2.hum1
yyjson	0.12.0-1.hum1.bfin
zchunk-libs	1.5.4-1.hum1
zenity	4.2.2-1.hum1.bfin
zip	3.0-45.1.hum1
zlib-ng-compat	2.3.3-6.hum1
zlib-ng-compat-devel	2.3.3-6.hum1
zstd	1.5.7-6.1.hum1
zvbi	0.2.45-1.hum1.bfin
